episode,total_reward
1,111.40000000000003
2,56.80000000000001
3,56.80000000000002
4,39.39999999999999
5,71.40000000000003
6,104.10000000000004
7,64.10000000000002
8,88.10000000000004
9,46.70000000000003
10,110.00000000000004
11,120.10000000000005
12,78.70000000000002
13,94.70000000000003
14,46.70000000000001
15,110.00000000000003
16,78.00000000000004
17,62.00000000000003
18,94.70000000000003
19,54.700000000000024
20,68.60000000000002
21,70.00000000000001
22,78.70000000000003
23,68.60000000000002
24,76.60000000000001
25,62.00000000000002
26,111.40000000000005
27,72.10000000000005
28,102.00000000000003
29,91.90000000000003
30,72.80000000000003
31,39.40000000000002
32,80.80000000000003
33,87.40000000000003
34,29.999999999999993
35,112.10000000000005
36,102.00000000000003
37,70.00000000000003
38,78.00000000000003
39,102.70000000000003
40,91.20000000000003
41,118.00000000000004
42,53.300000000000004
43,75.20000000000002
44,51.20000000000003
45,38.0
46,80.80000000000004
47,75.20000000000002
48,118.00000000000004
49,63.40000000000002
50,75.90000000000002
51,79.40000000000003
52,82.50000000000003
53,39.40000000000001
54,76.60000000000002
55,69.30000000000003
56,90.50000000000003
57,87.40000000000003
58,71.40000000000003
59,100.60000000000004
60,110.70000000000005
61,64.80000000000003
62,72.10000000000004
63,77.30000000000003
64,78.00000000000003
65,114.50000000000001
66,92.60000000000004
67,98.50000000000003
68,78.00000000000003
69,58.500000000000014
70,74.50000000000001
71,105.80000000000003
72,102.70000000000005
73,99.90000000000002
74,67.90000000000003
75,97.10000000000002
76,73.10000000000002
77,56.800000000000026
78,84.60000000000004
79,105.80000000000001
80,74.50000000000003
81,99.20000000000003
82,138.5
83,67.20000000000002
84,106.50000000000003
85,76.60000000000002
86,90.50000000000003
87,65.10000000000002
88,95.70000000000002
89,74.50000000000003
90,85.60000000000001
91,87.00000000000001
92,81.80000000000003
93,88.40000000000002
94,80.4
95,85.30000000000001
96,111.00000000000001
97,97.80000000000004
98,76.60000000000001
99,78.70000000000005
100,74.50000000000003
101,99.20000000000002
102,90.50000000000003
103,88.4
104,80.40000000000002
105,87.70000000000002
106,79.0
107,69.60000000000001
108,118.30000000000001
109,66.50000000000003
110,45.60000000000001
111,64.4
112,55.000000000000014
113,82.50000000000003
114,86.30000000000001
115,73.10000000000002
116,63.000000000000014
117,73.10000000000002
118,95.70000000000002
119,95.70000000000002
120,75.90000000000002
121,89.10000000000001
122,55.70000000000001
123,67.20000000000002
124,90.50000000000003
125,71.00000000000001
126,73.10000000000002
127,91.90000000000002
128,61.30000000000002
129,89.10000000000001
130,89.10000000000002
131,89.10000000000002
132,48.400000000000006
133,103.00000000000001
134,74.50000000000003
135,39.70000000000001
136,83.20000000000003
137,73.10000000000001
138,89.80000000000003
139,51.20000000000001
140,91.90000000000003
141,82.50000000000001
142,90.50000000000003
143,65.10000000000002
144,59.900000000000034
145,80.40000000000002
146,102.30000000000001
147,83.90000000000002
148,75.20000000000002
149,56.400000000000006
150,82.50000000000001
151,83.20000000000002
152,76.60000000000002
153,99.20000000000003
154,74.50000000000001
155,87.00000000000003
156,41.800000000000004
157,80.80000000000005
158,91.20000000000003
159,89.10000000000001
160,67.90000000000002
161,80.40000000000002
162,91.20000000000002
163,64.4
164,103.70000000000002
165,106.50000000000003
166,72.4
167,54.70000000000002
168,125.60000000000002
169,61.60000000000001
170,120.40000000000002
171,54.30000000000001
172,72.4
173,87.00000000000001
174,111.70000000000002
175,64.4
176,64.4
177,117.60000000000001
178,78.30000000000001
179,63.70000000000002
180,112.40000000000002
181,109.60000000000001
182,117.60000000000001
183,95.70000000000002
184,57.80000000000001
185,78.30000000000001
186,101.60000000000001
187,89.80000000000003
188,80.40000000000002
189,47.70000000000002
190,102.30000000000001
191,95.00000000000001
192,45.599999999999994
193,119.70000000000003
194,103.40000000000005
195,95.00000000000001
196,97.80000000000003
197,104.40000000000002
198,63.7
199,60.60000000000003
200,103.00000000000001
201,92.2
202,111.00000000000001
203,78.70000000000002
204,47.70000000000001
205,84.9
206,55.70000000000002
207,47.7
208,103.00000000000003
209,97.80000000000003
210,52.900000000000006
211,94.30000000000001
212,93.60000000000002
213,116.90000000000002
214,78.30000000000001
215,65.10000000000002
216,95.70000000000002
217,81.10000000000002
218,105.10000000000002
219,93.60000000000001
220,40.400000000000006
221,94.30000000000001
222,54.30000000000001
223,95.7
224,83.20000000000002
225,73.10000000000001
226,47.0
227,79.00000000000001
228,82.50000000000003
229,63.000000000000014
230,101.60000000000001
231,65.8
232,85.30000000000004
233,86.30000000000001
234,79.00000000000001
235,74.50000000000003
236,92.60000000000001
237,82.50000000000003
238,75.20000000000002
239,72.40000000000003
240,78.30000000000001
241,62.70000000000005
242,62.30000000000001
243,62.300000000000004
244,87.00000000000001
245,53.60000000000001
246,70.30000000000001
247,95.70000000000002
248,89.80000000000003
249,85.60000000000002
250,81.10000000000002
251,57.1
252,78.30000000000001
253,57.80000000000003
254,79.00000000000003
255,65.10000000000001
256,75.20000000000002
257,81.8
258,81.80000000000003
259,47.000000000000014
260,89.10000000000001
261,93.60000000000001
262,79.70000000000002
263,81.10000000000002
264,96.40000000000002
265,74.50000000000001
266,38.30000000000001
267,73.10000000000001
268,69.60000000000002
269,95.00000000000001
270,75.5
271,89.80000000000003
272,106.50000000000003
273,79.00000000000001
274,71.7
275,118.30000000000001
276,102.30000000000001
277,76.9
278,135.0
279,46.30000000000001
280,89.10000000000002
281,89.10000000000002
282,80.40000000000002
283,81.10000000000001
284,74.50000000000001
285,65.80000000000003
286,66.50000000000003
287,65.80000000000001
288,87.70000000000003
289,101.60000000000001
290,88.4
291,54.300000000000004
292,105.80000000000003
293,83.20000000000003
294,72.40000000000002
295,104.40000000000002
296,81.10000000000002
297,123.20000000000003
298,112.40000000000002
299,81.80000000000001
300,96.40000000000002
301,78.30000000000001
302,103.70000000000002
303,26.499999999999996
304,90.50000000000003
305,113.10000000000002
306,129.8
307,74.50000000000001
308,64.4
309,111.70000000000002
310,105.10000000000002
311,66.50000000000001
312,87.70000000000002
313,89.80000000000003
314,51.2
315,95.00000000000001
316,91.20000000000003
317,91.20000000000003
318,47.7
319,89.10000000000002
320,89.10000000000002
321,89.80000000000003
322,73.80000000000003
323,101.60000000000001
324,73.80000000000003
325,97.80000000000003
326,97.80000000000003
327,55.70000000000002
328,56.40000000000001
329,56.40000000000002
330,83.90000000000003
331,63.70000000000001
332,82.50000000000001
333,74.50000000000003
334,94.00000000000001
335,87.70000000000002
336,89.80000000000001
337,49.100000000000016
338,88.40000000000002
339,103.70000000000003
340,52.600000000000016
341,81.80000000000001
342,68.60000000000004
343,105.10000000000002
344,98.50000000000003
345,91.20000000000003
346,82.50000000000003
347,112.40000000000002
348,70.30000000000001
349,84.60000000000004
350,63.0
351,95.70000000000002
352,82.50000000000001
353,73.80000000000003
354,93.60000000000001
355,68.60000000000002
356,74.50000000000001
357,120.40000000000002
358,119.00000000000001
359,97.80000000000003
360,96.40000000000002
361,121.10000000000002
362,75.20000000000003
363,111.70000000000002
364,87.00000000000001
365,89.10000000000002
366,50.5
367,81.80000000000003
368,52.60000000000001
369,67.90000000000002
370,105.80000000000003
371,88.40000000000002
372,113.10000000000002
373,74.50000000000003
374,87.70000000000002
375,97.10000000000002
376,95.00000000000001
377,87.00000000000001
378,81.80000000000003
379,120.40000000000003
380,50.50000000000002
381,63.7
382,106.50000000000003
383,105.10000000000002
384,89.10000000000002
385,96.40000000000002
386,72.40000000000002
387,112.40000000000002
388,104.40000000000002
389,89.80000000000003
390,95.00000000000001
391,51.20000000000001
392,55.00000000000001
393,89.80000000000003
394,79.70000000000002
395,89.80000000000001
396,79.70000000000002
397,81.10000000000002
398,104.40000000000002
399,96.40000000000002
400,95.00000000000001
401,71.00000000000001
402,66.50000000000001
403,97.80000000000003
404,64.40000000000002
405,74.50000000000001
406,83.90000000000002
407,73.10000000000002
408,68.9
409,105.10000000000002
410,82.50000000000003
411,57.80000000000001
412,65.80000000000003
413,79.00000000000001
414,89.80000000000003
415,91.90000000000002
416,111.70000000000002
417,58.500000000000014
418,40.400000000000006
419,57.1
420,71.70000000000002
421,72.40000000000002
422,65.10000000000001
423,107.20000000000002
424,75.20000000000003
425,59.20000000000003
426,71.70000000000002
427,82.50000000000003
428,64.40000000000002
429,97.10000000000002
430,58.50000000000003
431,104.40000000000002
432,55.7
433,97.10000000000004
434,81.10000000000002
435,136.39999999999998
436,81.10000000000001
437,81.80000000000001
438,81.80000000000003
439,81.80000000000003
440,49.800000000000026
441,71.00000000000001
442,104.40000000000002
443,89.80000000000003
444,99.20000000000002
445,71.70000000000002
446,98.50000000000003
447,82.50000000000001
448,89.10000000000004
449,45.60000000000001
450,73.10000000000002
451,95.00000000000003
452,63.0
453,74.50000000000001
454,67.20000000000003
455,80.40000000000002
456,81.10000000000001
457,88.40000000000002
458,71.00000000000001
459,65.10000000000002
460,84.90000000000002
461,89.80000000000003
462,79.70000000000002
463,73.10000000000001
464,105.10000000000002
465,72.40000000000002
466,65.80000000000003
467,51.2
468,112.40000000000002
469,80.40000000000002
470,77.6
471,63.70000000000002
472,93.30000000000004
473,103.70000000000002
474,80.40000000000002
475,81.10000000000002
476,106.50000000000003
477,107.90000000000003
478,88.4
479,96.40000000000002
480,97.80000000000003
481,49.10000000000001
482,57.10000000000002
483,106.50000000000003
484,65.80000000000001
485,79.00000000000001
486,82.50000000000003
487,65.80000000000001
488,73.80000000000001
489,94.30000000000001
490,96.40000000000002
491,84.60000000000004
492,91.20000000000003
493,98.50000000000003
494,72.4
495,105.10000000000002
496,65.80000000000003
497,71.00000000000001
498,105.10000000000002
499,79.00000000000001
500,97.80000000000003
501,71.00000000000001
502,74.50000000000001
503,81.80000000000003
504,84.90000000000002
505,67.20000000000002
506,89.10000000000002
507,77.60000000000001
508,80.4
509,81.10000000000002
510,99.20000000000002
511,56.40000000000003
512,65.10000000000001
513,72.40000000000003
514,49.800000000000026
515,73.10000000000002
516,65.80000000000001
517,81.80000000000001
518,73.80000000000003
519,104.40000000000002
520,85.60000000000001
521,86.30000000000001
522,75.20000000000002
523,103.70000000000002
524,103.70000000000002
525,61.60000000000001
526,40.4
527,67.20000000000002
528,103.00000000000001
529,33.1
530,57.80000000000001
531,76.2
532,105.80000000000001
533,66.50000000000003
534,49.800000000000004
535,81.10000000000002
536,105.80000000000003
537,66.50000000000001
538,33.800000000000004
539,73.80000000000001
540,89.10000000000002
541,86.30000000000001
542,77.60000000000002
543,76.9
544,77.60000000000001
545,89.80000000000003
546,73.80000000000003
547,112.40000000000002
548,64.4
549,73.80000000000003
550,129.8
551,97.80000000000003
552,59.20000000000001
553,113.80000000000003
554,127.70000000000002
555,89.10000000000002
556,87.70000000000002
557,42.500000000000014
558,83.20000000000003
559,66.50000000000001
560,89.10000000000001
561,83.20000000000002
562,81.80000000000001
563,97.80000000000003
564,97.10000000000001
565,71.0
566,58.50000000000003
567,73.10000000000002
568,64.40000000000003
569,119.70000000000003
570,84.20000000000002
571,65.80000000000004
572,103.7
573,91.20000000000002
574,106.50000000000003
575,62.30000000000001
576,53.30000000000002
577,117.60000000000002
578,91.2
579,122.50000000000003
580,104.40000000000002
581,95.00000000000001
582,79.00000000000001
583,97.10000000000002
584,55.70000000000001
585,63.70000000000002
586,86.30000000000001
587,83.20000000000003
588,90.50000000000003
589,79.70000000000003
590,102.30000000000003
591,102.30000000000003
592,41.099999999999994
593,86.30000000000001
594,89.80000000000003
595,96.40000000000002
596,71.7
597,86.30000000000001
598,79.00000000000001
599,119.00000000000001
600,81.10000000000002
601,73.80000000000003
602,103.00000000000001
603,71.00000000000001
604,78.30000000000003
605,64.40000000000002
606,104.40000000000002
607,94.30000000000003
608,73.10000000000002
609,95.70000000000002
610,68.90000000000002
611,66.50000000000001
612,64.4
613,93.60000000000002
614,117.60000000000001
615,96.40000000000002
616,86.30000000000001
617,93.60000000000001
618,75.20000000000003
619,111.70000000000002
620,106.50000000000003
621,83.90000000000003
622,57.1
623,43.200000000000024
624,62.30000000000001
625,65.80000000000001
626,79.00000000000001
627,86.30000000000001
628,104.40000000000002
629,96.40000000000002
630,62.30000000000001
631,39.00000000000001
632,113.10000000000004
633,41.80000000000002
634,73.10000000000001
635,137.8
636,120.40000000000002
637,87.70000000000002
638,77.6
639,65.80000000000003
640,47.000000000000014
641,87.70000000000003
642,91.20000000000002
643,61.60000000000001
644,111.70000000000002
645,94.30000000000001
646,40.4
647,95.70000000000003
648,82.50000000000001
649,87.70000000000002
650,63.000000000000014
651,99.20000000000002
652,104.40000000000002
653,45.60000000000001
654,73.80000000000001
655,70.3
656,43.90000000000002
657,88.4
658,112.40000000000003
659,85.60000000000001
660,70.30000000000001
661,63.70000000000002
662,59.20000000000001
663,94.30000000000003
664,87.00000000000003
665,88.40000000000002
666,77.60000000000001
667,75.20000000000002
668,57.80000000000001
669,74.50000000000003
670,79.7
671,71.70000000000002
672,63.70000000000001
673,83.90000000000003
674,57.100000000000016
675,89.10000000000002
676,30.299999999999994
677,86.30000000000001
678,93.60000000000001
679,47.70000000000002
680,113.10000000000002
681,113.10000000000002
682,95.70000000000002
683,87.00000000000001
684,68.2
685,104.40000000000002
686,87.00000000000001
687,98.50000000000001
688,93.60000000000002
689,82.50000000000003
690,40.400000000000006
691,79.70000000000002
692,96.40000000000002
693,46.300000000000004
694,73.10000000000001
695,66.50000000000001
696,67.20000000000002
697,81.10000000000002
698,64.4
699,103.70000000000002
700,71.00000000000001
701,73.10000000000002
702,97.80000000000003
703,89.10000000000002
704,89.10000000000002
705,103.70000000000002
706,83.20000000000003
707,84.9
708,63.70000000000002
709,81.10000000000002
710,66.50000000000003
711,71.00000000000001
712,69.60000000000002
713,65.10000000000002
714,97.80000000000003
715,89.80000000000003
716,97.80000000000003
717,63.000000000000014
718,57.80000000000001
719,89.10000000000002
720,105.80000000000003
721,97.10000000000002
722,80.40000000000002
723,95.00000000000001
724,78.3
725,104.40000000000002
726,38.3
727,81.10000000000002
728,55.7
729,63.7
730,62.30000000000001
731,57.10000000000001
732,41.099999999999994
733,75.20000000000002
734,57.80000000000001
735,38.3
736,83.20000000000003
737,61.60000000000002
738,79.70000000000002
739,97.80000000000004
740,78.30000000000001
741,51.5
742,71.00000000000001
743,79.70000000000003
744,80.40000000000002
745,111.00000000000001
746,80.40000000000002
747,97.10000000000002
748,73.80000000000001
749,65.80000000000003
750,97.10000000000004
751,81.80000000000003
752,70.30000000000003
753,99.90000000000002
754,89.10000000000002
755,115.20000000000003
756,105.80000000000003
757,107.20000000000003
758,75.90000000000002
759,83.20000000000002
760,89.10000000000002
761,49.10000000000001
762,80.40000000000002
763,49.800000000000026
764,75.20000000000003
765,102.30000000000001
766,64.4
767,90.50000000000001
768,80.4
769,95.70000000000002
770,64.4
771,96.40000000000003
772,89.10000000000002
773,73.80000000000001
774,58.50000000000001
775,97.10000000000002
776,56.400000000000006
777,105.80000000000003
778,60.600000000000016
779,80.40000000000002
780,92.20000000000002
781,81.10000000000002
782,97.10000000000002
783,34.5
784,92.60000000000004
785,39.7
786,67.20000000000003
787,87.00000000000001
788,105.10000000000002
789,79.7
790,81.80000000000001
791,65.10000000000001
792,91.5
793,71.00000000000001
794,70.30000000000003
795,63.0
796,85.60000000000002
797,101.60000000000002
798,95.00000000000001
799,84.9
800,48.400000000000006
801,100.90000000000002
802,69.60000000000001
803,53.60000000000001
804,83.20000000000002
805,84.9
806,92.9
807,80.4
808,109.60000000000001
809,94.30000000000001
810,94.30000000000001
811,125.60000000000002
812,95.00000000000001
813,77.60000000000001
814,87.70000000000002
815,74.50000000000003
816,59.50000000000001
817,66.50000000000003
818,86.30000000000003
819,96.4
820,108.90000000000002
821,47.0
822,44.900000000000006
823,87.70000000000003
824,57.1
825,70.30000000000001
826,55.0
827,69.60000000000001
828,97.10000000000002
829,100.9
830,103.7
831,77.60000000000001
832,79.00000000000001
833,118.30000000000001
834,118.30000000000003
835,70.30000000000001
836,94.30000000000001
837,65.80000000000001
838,72.40000000000003
839,50.50000000000001
840,102.30000000000001
841,74.50000000000003
842,109.60000000000002
843,100.90000000000002
844,90.50000000000001
845,78.3
846,62.30000000000001
847,71.70000000000002
848,92.9
849,52.20000000000001
850,47.7
851,88.4
852,101.60000000000001
853,107.20000000000002
854,105.80000000000003
855,135.70000000000002
856,89.10000000000001
857,76.9
858,84.9
859,92.9
860,60.900000000000006
861,71.00000000000001
862,71.00000000000001
863,102.30000000000001
864,95.70000000000002
865,81.10000000000002
866,69.60000000000001
867,68.9
868,77.60000000000002
869,73.80000000000003
870,87.7
871,95.70000000000002
872,102.30000000000001
873,108.2
874,95.00000000000001
875,81.80000000000003
876,78.30000000000001
877,106.50000000000001
878,55.00000000000001
879,87.7
880,70.30000000000001
881,95.00000000000001
882,74.50000000000001
883,117.60000000000001
884,108.90000000000002
885,85.60000000000002
886,55.00000000000001
887,63.7
888,103.70000000000002
889,102.30000000000001
890,61.60000000000001
891,52.900000000000006
892,92.90000000000002
893,86.30000000000001
894,102.30000000000001
895,55.000000000000014
896,62.30000000000001
897,95.70000000000002
898,62.30000000000001
899,93.60000000000001
900,103.00000000000001
901,46.30000000000002
902,93.60000000000002
903,68.9
904,119.70000000000002
905,78.3
906,62.3
907,116.90000000000002
908,111.70000000000002
909,87.00000000000001
910,56.400000000000006
911,74.50000000000003
912,70.30000000000001
913,85.60000000000001
914,97.10000000000002
915,86.30000000000001
916,81.80000000000003
917,73.8
918,84.9
919,56.40000000000002
920,79.70000000000003
921,94.30000000000001
922,105.10000000000002
923,81.80000000000003
924,89.80000000000001
925,95.00000000000001
926,112.40000000000002
927,60.60000000000002
928,76.9
929,84.90000000000002
930,92.9
931,100.9
932,84.9
933,70.30000000000001
934,65.1
935,87.70000000000002
936,102.30000000000001
937,94.30000000000001
938,128.4
939,63.00000000000001
940,71.70000000000002
941,93.60000000000001
942,143.0
943,87.00000000000001
944,85.60000000000001
945,77.60000000000001
946,87.70000000000002
947,62.30000000000001
948,69.60000000000001
949,78.30000000000001
950,54.30000000000001
951,97.80000000000003
952,110.30000000000001
953,96.40000000000002
954,52.900000000000006
955,103.00000000000001
956,96.40000000000002
957,70.30000000000001
958,89.80000000000003
959,41.1
960,87.00000000000001
961,95.00000000000001
962,84.9
963,79.00000000000001
964,104.40000000000002
965,104.4
966,77.60000000000001
967,98.50000000000003
968,62.30000000000001
969,82.50000000000001
970,109.60000000000001
971,61.60000000000001
972,125.60000000000001
973,76.9
974,117.60000000000001
975,66.80000000000001
976,71.00000000000001
977,95.70000000000002
978,87.70000000000002
979,79.00000000000001
980,84.9
981,78.30000000000001
982,67.5
983,95.70000000000002
984,62.300000000000004
985,76.9
986,68.9
987,117.60000000000002
988,71.00000000000001
989,68.9
990,77.60000000000001
991,76.9
992,115.50000000000001
993,68.9
994,69.60000000000001
995,59.5
996,95.00000000000001
997,102.30000000000001
998,77.60000000000002
999,95.70000000000002
1000,95.70000000000002
1001,88.40000000000003
1002,96.40000000000003
1003,113.80000000000003
1004,70.30000000000001
1005,85.60000000000001
1006,47.70000000000001
1007,102.30000000000001
1008,86.30000000000001
1009,92.2
1010,92.2
1011,37.60000000000001
1012,53.60000000000001
1013,80.40000000000002
1014,118.30000000000003
1015,105.10000000000002
1016,77.60000000000002
1017,87.70000000000002
1018,84.2
1019,84.2
1020,110.30000000000001
1021,38.3
1022,86.30000000000001
1023,109.60000000000001
1024,78.3
1025,87.70000000000003
1026,95.00000000000001
1027,79.7
1028,77.60000000000002
1029,96.40000000000002
1030,60.900000000000006
1031,77.60000000000001
1032,76.2
1033,66.5
1034,100.90000000000002
1035,63.70000000000001
1036,60.90000000000001
1037,60.900000000000006
1038,87.00000000000001
1039,86.30000000000003
1040,76.9
1041,72.4
1042,92.9
1043,120.40000000000002
1044,56.40000000000002
1045,63.70000000000002
1046,102.30000000000001
1047,85.60000000000001
1048,93.60000000000002
1049,64.4
1050,109.60000000000001
1051,100.9
1052,56.40000000000001
1053,51.5
1054,71.7
1055,87.00000000000001
1056,76.2
1057,81.80000000000001
1058,117.60000000000002
1059,92.9
1060,103.70000000000002
1061,86.30000000000003
1062,65.80000000000003
1063,60.900000000000006
1064,110.30000000000001
1065,61.60000000000001
1066,93.60000000000001
1067,78.30000000000001
1068,102.30000000000001
1069,112.40000000000002
1070,69.60000000000001
1071,128.39999999999998
1072,68.9
1073,103.70000000000002
1074,63.000000000000014
1075,86.30000000000001
1076,91.20000000000002
1077,60.2
1078,71.70000000000002
1079,69.60000000000001
1080,92.9
1081,103.70000000000002
1082,62.300000000000004
1083,69.60000000000001
1084,95.7
1085,84.20000000000002
1086,63.000000000000014
1087,118.30000000000001
1088,61.60000000000001
1089,76.2
1090,70.30000000000001
1091,71.00000000000001
1092,70.30000000000001
1093,87.00000000000001
1094,104.40000000000002
1095,51.90000000000001
1096,55.70000000000002
1097,56.40000000000001
1098,63.000000000000014
1099,68.9
1100,85.60000000000001
1101,78.30000000000001
1102,101.60000000000002
1103,68.9
1104,54.300000000000004
1105,87.70000000000002
1106,71.00000000000001
1107,75.20000000000002
1108,79.70000000000002
1109,62.30000000000001
1110,63.0
1111,85.60000000000001
1112,66.50000000000003
1113,77.60000000000002
1114,74.50000000000001
1115,70.30000000000001
1116,61.600000000000016
1117,96.40000000000002
1118,78.30000000000001
1119,105.10000000000001
1120,57.80000000000001
1121,81.10000000000002
1122,82.50000000000003
1123,121.80000000000003
1124,51.90000000000002
1125,90.50000000000003
1126,113.10000000000002
1127,64.40000000000002
1128,75.20000000000002
1129,99.20000000000003
1130,74.50000000000003
1131,81.10000000000002
1132,81.10000000000002
1133,109.60000000000002
1134,95.00000000000001
1135,105.10000000000002
1136,94.30000000000001
1137,70.30000000000001
1138,71.00000000000001
1139,65.80000000000001
1140,71.00000000000001
1141,73.80000000000001
1142,91.20000000000003
1143,123.20000000000003
1144,92.60000000000002
1145,90.50000000000001
1146,82.50000000000001
1147,107.20000000000003
1148,99.20000000000003
1149,83.20000000000003
1150,88.40000000000002
1151,84.60000000000001
1152,87.00000000000003
1153,58.500000000000014
1154,71.70000000000002
1155,57.10000000000002
1156,79.70000000000003
1157,99.20000000000003
1158,24.799999999999994
1159,86.30000000000003
1160,95.00000000000001
1161,87.00000000000001
1162,96.40000000000002
1163,78.30000000000001
1164,73.10000000000001
1165,125.60000000000002
1166,103.00000000000001
1167,87.00000000000001
1168,95.00000000000003
1169,71.00000000000001
1170,59.200000000000024
1171,74.50000000000003
1172,96.40000000000003
1173,105.10000000000002
1174,90.50000000000003
1175,59.90000000000003
1176,98.50000000000003
1177,42.500000000000014
1178,102.30000000000003
1179,56.40000000000002
1180,106.50000000000003
1181,88.40000000000002
1182,66.50000000000001
1183,131.90000000000003
1184,114.50000000000003
1185,34.49999999999999
1186,114.50000000000003
1187,81.80000000000003
1188,103.70000000000002
1189,81.80000000000001
1190,135.7
1191,114.50000000000003
1192,79.70000000000002
1193,96.40000000000002
1194,74.50000000000001
1195,106.50000000000003
1196,98.50000000000003
1197,91.20000000000003
1198,82.50000000000001
1199,123.20000000000002
1200,97.80000000000003
1201,97.10000000000002
1202,74.50000000000003
1203,98.50000000000003
1204,121.10000000000002
1205,81.80000000000001
1206,114.50000000000003
1207,90.50000000000003
1208,71.00000000000003
1209,57.800000000000004
1210,55.70000000000001
1211,57.800000000000004
1212,123.20000000000002
1213,98.50000000000003
1214,74.50000000000003
1215,74.50000000000003
1216,105.80000000000001
1217,119.70000000000002
1218,90.50000000000003
1219,91.9
1220,63.7
1221,88.40000000000003
1222,81.80000000000001
1223,119.00000000000003
1224,95.70000000000002
1225,98.50000000000003
1226,89.10000000000002
1227,89.80000000000003
1228,80.40000000000002
1229,114.50000000000004
1230,105.10000000000002
1231,73.10000000000002
1232,72.4
1233,86.30000000000001
1234,59.20000000000003
1235,73.10000000000001
1236,89.80000000000003
1237,99.20000000000003
1238,66.50000000000003
1239,81.10000000000002
1240,81.80000000000003
1241,72.40000000000002
1242,81.80000000000001
1243,70.30000000000001
1244,73.10000000000002
1245,73.80000000000001
1246,73.10000000000001
1247,80.40000000000002
1248,89.8
1249,89.10000000000002
1250,84.20000000000002
1251,89.10000000000002
1252,91.20000000000003
1253,73.10000000000001
1254,37.60000000000001
1255,97.10000000000002
1256,91.90000000000003
1257,97.10000000000002
1258,81.10000000000002
1259,64.80000000000003
1260,105.80000000000004
1261,89.10000000000002
1262,90.50000000000003
1263,106.50000000000003
1264,122.50000000000003
1265,112.40000000000002
1266,57.10000000000002
1267,121.10000000000002
1268,104.40000000000002
1269,87.70000000000002
1270,81.10000000000004
1271,81.8
1272,50.50000000000002
1273,91.90000000000003
1274,66.50000000000001
1275,65.80000000000003
1276,75.20000000000003
1277,81.80000000000001
1278,73.10000000000001
1279,75.20000000000002
1280,82.50000000000001
1281,81.80000000000001
1282,91.20000000000002
1283,91.90000000000003
1284,96.40000000000003
1285,72.4
1286,84.60000000000002
1287,81.80000000000003
1288,73.10000000000002
1289,57.10000000000002
1290,67.20000000000002
1291,95.00000000000001
1292,74.50000000000003
1293,87.00000000000001
1294,89.10000000000002
1295,113.10000000000002
1296,65.10000000000002
1297,65.10000000000001
1298,51.900000000000006
1299,83.20000000000003
1300,97.80000000000003
1301,90.50000000000003
1302,57.10000000000002
1303,88.40000000000002
1304,115.20000000000003
1305,42.5
1306,90.50000000000003
1307,87.7
1308,89.10000000000002
1309,107.20000000000003
1310,97.80000000000003
1311,65.10000000000001
1312,73.10000000000002
1313,87.70000000000002
1314,112.40000000000002
1315,122.50000000000003
1316,73.80000000000001
1317,107.20000000000003
1318,98.50000000000003
1319,97.80000000000003
1320,89.10000000000002
1321,81.80000000000003
1322,73.10000000000002
1323,113.80000000000003
1324,97.10000000000002
1325,59.2
1326,89.80000000000003
1327,97.10000000000002
1328,89.10000000000001
1329,96.40000000000002
1330,83.20000000000003
1331,56.400000000000006
1332,113.80000000000003
1333,75.90000000000002
1334,55.70000000000001
1335,82.50000000000003
1336,98.50000000000001
1337,90.50000000000003
1338,81.80000000000001
1339,89.80000000000003
1340,98.50000000000003
1341,106.50000000000003
1342,98.50000000000001
1343,58.500000000000014
1344,74.50000000000001
1345,97.80000000000004
1346,73.80000000000001
1347,66.50000000000001
1348,58.50000000000001
1349,88.40000000000002
1350,65.10000000000002
1351,113.10000000000002
1352,89.10000000000001
1353,112.40000000000002
1354,90.50000000000001
1355,72.40000000000002
1356,90.50000000000001
1357,67.20000000000002
1358,58.50000000000003
1359,89.80000000000001
1360,84.60000000000002
1361,89.80000000000001
1362,89.10000000000002
1363,83.20000000000003
1364,62.300000000000004
1365,97.80000000000001
1366,39.0
1367,107.90000000000002
1368,109.60000000000001
1369,100.60000000000002
1370,96.40000000000002
1371,48.400000000000006
1372,107.20000000000002
1373,83.90000000000003
1374,81.80000000000003
1375,114.50000000000003
1376,89.10000000000002
1377,74.50000000000001
1378,50.500000000000014
1379,97.10000000000002
1380,114.50000000000003
1381,86.30000000000001
1382,42.5
1383,66.50000000000001
1384,75.20000000000002
1385,73.80000000000001
1386,90.50000000000003
1387,99.90000000000002
1388,121.80000000000003
1389,98.50000000000003
1390,89.80000000000003
1391,99.20000000000003
1392,70.30000000000001
1393,88.4
1394,58.500000000000014
1395,88.40000000000002
1396,58.50000000000001
1397,122.50000000000003
1398,89.10000000000001
1399,81.80000000000003
1400,83.90000000000002
1401,95.70000000000002
1402,49.80000000000002
1403,122.50000000000003
1404,57.10000000000001
1405,89.10000000000001
1406,65.1
1407,74.50000000000003
1408,98.50000000000003
1409,97.10000000000001
1410,99.20000000000002
1411,130.50000000000003
1412,72.40000000000002
1413,115.20000000000003
1414,57.80000000000001
1415,74.50000000000001
1416,112.40000000000002
1417,99.90000000000003
1418,75.20000000000003
1419,65.80000000000001
1420,106.50000000000003
1421,115.20000000000003
1422,89.10000000000002
1423,77.30000000000003
1424,66.50000000000003
1425,112.40000000000002
1426,97.80000000000003
1427,74.50000000000003
1428,95.70000000000002
1429,116.60000000000004
1430,82.50000000000003
1431,74.50000000000003
1432,97.10000000000002
1433,71.70000000000002
1434,66.50000000000001
1435,73.10000000000001
1436,111.00000000000003
1437,40.400000000000006
1438,55.7
1439,119.70000000000002
1440,65.10000000000002
1441,81.80000000000001
1442,97.80000000000003
1443,55.000000000000014
1444,50.50000000000001
1445,107.20000000000002
1446,58.500000000000014
1447,114.50000000000001
1448,114.50000000000003
1449,64.4
1450,73.80000000000001
1451,78.30000000000001
1452,96.40000000000002
1453,25.099999999999998
1454,50.50000000000001
1455,72.40000000000002
1456,66.50000000000003
1457,79.00000000000001
1458,103.00000000000001
1459,80.40000000000002
1460,71.70000000000002
1461,81.80000000000001
1462,105.10000000000002
1463,71.00000000000003
1464,83.20000000000002
1465,95.70000000000002
1466,74.50000000000001
1467,63.7
1468,92.60000000000002
1469,88.40000000000002
1470,105.10000000000002
1471,98.50000000000003
1472,96.40000000000002
1473,107.20000000000003
1474,98.50000000000003
1475,100.9
1476,75.9
1477,98.50000000000003
1478,129.10000000000002
1479,95.70000000000002
1480,83.20000000000002
1481,105.10000000000002
1482,136.40000000000003
1483,129.10000000000002
1484,65.80000000000001
1485,57.80000000000002
1486,41.8
1487,73.10000000000001
1488,83.20000000000002
1489,59.2
1490,89.10000000000002
1491,89.80000000000003
1492,98.50000000000003
1493,112.40000000000002
1494,81.10000000000002
1495,83.20000000000003
1496,90.50000000000003
1497,63.7
1498,50.500000000000014
1499,79.0
1500,81.10000000000002
1501,111.00000000000003
1502,90.50000000000003
1503,89.10000000000001
1504,72.40000000000002
1505,74.50000000000001
1506,105.80000000000003
1507,105.10000000000002
1508,55.7
1509,79.70000000000002
1510,101.30000000000003
1511,80.4
1512,51.90000000000001
1513,97.10000000000002
1514,74.50000000000001
1515,91.90000000000003
1516,91.20000000000002
1517,131.20000000000005
1518,117.30000000000004
1519,75.90000000000003
1520,58.50000000000002
1521,58.5
1522,81.80000000000003
1523,83.20000000000003
1524,89.80000000000001
1525,73.80000000000001
1526,84.60000000000002
1527,71.00000000000001
1528,97.80000000000003
1529,111.00000000000001
1530,57.100000000000016
1531,106.50000000000003
1532,94.30000000000001
1533,86.30000000000001
1534,103.00000000000003
1535,90.50000000000003
1536,75.90000000000002
1537,81.10000000000001
1538,75.20000000000003
1539,65.80000000000003
1540,73.80000000000003
1541,58.50000000000002
1542,80.40000000000002
1543,82.50000000000001
1544,97.80000000000003
1545,113.80000000000004
1546,74.50000000000003
1547,105.10000000000002
1548,89.80000000000003
1549,96.40000000000002
1550,111.70000000000003
1551,67.20000000000002
1552,49.10000000000001
1553,57.800000000000004
1554,64.40000000000002
1555,97.80000000000003
1556,57.10000000000001
1557,74.50000000000001
1558,80.40000000000002
1559,73.80000000000003
1560,103.70000000000002
1561,88.40000000000002
1562,105.10000000000002
1563,105.10000000000002
1564,64.40000000000002
1565,58.500000000000014
1566,66.50000000000003
1567,99.20000000000003
1568,87.70000000000002
1569,82.50000000000001
1570,98.50000000000003
1571,49.10000000000001
1572,63.000000000000014
1573,115.20000000000003
1574,104.40000000000003
1575,55.0
1576,65.80000000000003
1577,105.80000000000004
1578,72.40000000000002
1579,71.70000000000002
1580,64.4
1581,89.80000000000003
1582,89.80000000000003
1583,59.20000000000002
1584,98.50000000000003
1585,95.00000000000001
1586,105.10000000000002
1587,66.5
1588,77.60000000000002
1589,48.400000000000006
1590,64.4
1591,64.40000000000002
1592,107.20000000000002
1593,98.50000000000003
1594,79.70000000000002
1595,42.5
1596,74.50000000000001
1597,80.40000000000003
1598,97.10000000000002
1599,111.00000000000001
1600,65.10000000000002
1601,48.400000000000006
1602,99.20000000000003
1603,42.5
1604,98.50000000000003
1605,89.10000000000004
1606,129.8
1607,50.5
1608,73.80000000000003
1609,99.20000000000003
1610,81.10000000000002
1611,106.50000000000003
1612,58.50000000000002
1613,123.20000000000002
1614,73.80000000000003
1615,114.50000000000003
1616,73.80000000000001
1617,82.50000000000001
1618,49.10000000000001
1619,137.10000000000002
1620,97.80000000000004
1621,55.000000000000014
1622,87.70000000000002
1623,96.40000000000002
1624,82.50000000000003
1625,65.80000000000003
1626,65.10000000000002
1627,79.00000000000001
1628,73.80000000000003
1629,80.40000000000002
1630,67.20000000000002
1631,112.40000000000003
1632,106.50000000000003
1633,99.20000000000003
1634,98.50000000000003
1635,97.80000000000003
1636,96.40000000000003
1637,90.50000000000003
1638,89.80000000000003
1639,65.80000000000003
1640,113.10000000000002
1641,72.4
1642,39.699999999999996
1643,73.10000000000002
1644,89.10000000000001
1645,119.00000000000003
1646,89.10000000000001
1647,91.20000000000002
1648,110.30000000000003
1649,66.5
1650,114.50000000000001
1651,97.10000000000004
1652,82.50000000000001
1653,73.80000000000001
1654,63.70000000000002
1655,74.50000000000001
1656,89.80000000000003
1657,99.20000000000002
1658,98.50000000000003
1659,89.80000000000001
1660,113.80000000000003
1661,87.00000000000001
1662,90.50000000000003
1663,84.2
1664,71.70000000000002
1665,114.50000000000001
1666,106.50000000000003
1667,89.80000000000003
1668,96.40000000000002
1669,97.80000000000004
1670,41.800000000000004
1671,73.80000000000004
1672,65.10000000000002
1673,97.10000000000001
1674,105.10000000000002
1675,71.00000000000001
1676,89.80000000000003
1677,55.7
1678,106.50000000000003
1679,65.80000000000001
1680,104.40000000000003
1681,89.80000000000001
1682,65.10000000000002
1683,89.80000000000003
1684,82.50000000000003
1685,112.40000000000003
1686,82.50000000000003
1687,96.40000000000002
1688,89.10000000000001
1689,81.80000000000003
1690,48.4
1691,66.50000000000003
1692,89.10000000000002
1693,80.40000000000002
1694,81.10000000000002
1695,97.10000000000002
1696,122.50000000000003
1697,47.0
1698,83.20000000000002
1699,81.10000000000002
1700,97.10000000000002
1701,79.7
1702,73.10000000000002
1703,105.80000000000003
1704,131.20000000000005
1705,81.80000000000003
1706,83.90000000000002
1707,103.00000000000003
1708,59.20000000000002
1709,129.80000000000004
1710,47.699999999999996
1711,89.80000000000003
1712,87.00000000000001
1713,89.80000000000003
1714,80.4
1715,56.40000000000002
1716,103.70000000000002
1717,90.50000000000003
1718,115.20000000000003
1719,121.10000000000002
1720,65.80000000000001
1721,72.40000000000002
1722,91.20000000000003
1723,65.80000000000001
1724,97.80000000000003
1725,90.50000000000003
1726,97.10000000000002
1727,74.50000000000001
1728,57.10000000000002
1729,105.80000000000003
1730,97.10000000000002
1731,73.80000000000003
1732,96.40000000000002
1733,81.80000000000003
1734,89.10000000000002
1735,97.80000000000001
1736,106.50000000000003
1737,88.40000000000002
1738,80.40000000000002
1739,122.50000000000003
1740,66.50000000000003
1741,88.40000000000002
1742,96.40000000000002
1743,97.80000000000003
1744,111.00000000000001
1745,91.20000000000003
1746,82.50000000000003
1747,57.10000000000001
1748,74.50000000000003
1749,80.40000000000002
1750,95.00000000000001
1751,89.80000000000001
1752,81.80000000000003
1753,65.80000000000001
1754,81.80000000000001
1755,64.40000000000002
1756,82.50000000000003
1757,74.50000000000003
1758,89.80000000000001
1759,90.50000000000003
1760,71.00000000000003
1761,89.10000000000002
1762,114.50000000000003
1763,99.90000000000003
1764,64.40000000000002
1765,103.00000000000001
1766,111.70000000000002
1767,98.50000000000001
1768,83.20000000000002
1769,89.80000000000003
1770,48.4
1771,79.70000000000002
1772,113.10000000000002
1773,57.80000000000001
1774,98.50000000000003
1775,74.50000000000001
1776,59.200000000000024
1777,107.20000000000003
1778,106.50000000000003
1779,60.9
1780,90.50000000000003
1781,105.10000000000002
1782,73.80000000000003
1783,65.10000000000002
1784,98.50000000000001
1785,121.80000000000003
1786,67.90000000000002
1787,105.80000000000003
1788,129.8
1789,90.50000000000003
1790,48.400000000000006
1791,67.20000000000002
1792,74.50000000000001
1793,89.10000000000004
1794,106.50000000000003
1795,98.50000000000001
1796,111.70000000000002
1797,122.50000000000003
1798,82.50000000000003
1799,57.80000000000002
1800,89.80000000000003
1801,88.40000000000002
1802,74.50000000000001
1803,105.10000000000002
1804,89.10000000000002
1805,106.50000000000003
1806,65.10000000000001
1807,68.90000000000002
1808,58.50000000000002
1809,79.00000000000001
1810,97.10000000000002
1811,81.80000000000004
1812,90.50000000000001
1813,91.20000000000003
1814,72.40000000000003
1815,57.100000000000016
1816,105.10000000000002
1817,65.80000000000001
1818,55.00000000000001
1819,90.50000000000003
1820,71.00000000000001
1821,79.00000000000001
1822,63.000000000000014
1823,73.10000000000001
1824,105.10000000000002
1825,89.80000000000001
1826,129.10000000000002
1827,88.40000000000002
1828,96.40000000000002
1829,65.10000000000002
1830,88.40000000000002
1831,102.30000000000001
1832,68.60000000000002
1833,105.10000000000002
1834,79.70000000000002
1835,98.50000000000003
1836,63.70000000000002
1837,90.50000000000001
1838,67.20000000000002
1839,81.10000000000001
1840,83.20000000000003
1841,48.400000000000006
1842,88.40000000000002
1843,70.30000000000001
1844,65.10000000000001
1845,39.70000000000002
1846,79.7
1847,73.80000000000003
1848,97.10000000000001
1849,104.40000000000003
1850,98.50000000000003
1851,83.20000000000002
1852,99.20000000000003
1853,90.50000000000003
1854,90.5
1855,105.80000000000003
1856,97.10000000000001
1857,129.8
1858,65.80000000000001
1859,90.50000000000003
1860,107.20000000000003
1861,65.80000000000001
1862,97.80000000000003
1863,146.50000000000003
1864,65.10000000000001
1865,57.10000000000001
1866,89.80000000000001
1867,122.50000000000003
1868,98.50000000000001
1869,88.40000000000002
1870,64.40000000000002
1871,98.50000000000003
1872,91.20000000000002
1873,112.40000000000002
1874,91.20000000000002
1875,71.70000000000002
1876,98.50000000000003
1877,103.70000000000003
1878,87.00000000000001
1879,81.80000000000001
1880,81.80000000000001
1881,98.50000000000003
1882,72.4
1883,106.50000000000003
1884,82.50000000000001
1885,111.70000000000002
1886,67.20000000000002
1887,105.80000000000001
1888,114.50000000000003
1889,113.80000000000003
1890,120.40000000000002
1891,80.4
1892,99.20000000000002
1893,98.50000000000003
1894,72.39999999999999
1895,67.20000000000002
1896,56.400000000000006
1897,75.20000000000002
1898,66.50000000000003
1899,83.20000000000002
1900,82.50000000000003
1901,90.50000000000003
1902,59.200000000000024
1903,65.80000000000003
1904,74.50000000000001
1905,122.50000000000003
1906,121.80000000000003
1907,82.50000000000003
1908,65.10000000000002
1909,73.10000000000001
1910,83.90000000000002
1911,63.70000000000002
1912,91.20000000000003
1913,72.4
1914,105.10000000000002
1915,98.50000000000003
1916,91.20000000000002
1917,49.80000000000001
1918,89.10000000000004
1919,73.80000000000003
1920,114.50000000000001
1921,73.80000000000001
1922,112.40000000000002
1923,89.10000000000002
1924,98.50000000000003
1925,89.10000000000002
1926,85.60000000000001
1927,83.20000000000002
1928,96.40000000000002
1929,87.70000000000003
1930,81.80000000000003
1931,80.4
1932,73.80000000000003
1933,72.4
1934,26.499999999999996
1935,50.5
1936,82.50000000000003
1937,90.50000000000003
1938,81.80000000000003
1939,107.20000000000002
1940,104.40000000000002
1941,105.80000000000003
1942,72.4
1943,94.30000000000001
1944,120.40000000000002
1945,73.80000000000001
1946,81.10000000000002
1947,105.80000000000003
1948,96.40000000000002
1949,85.60000000000001
1950,82.50000000000003
1951,137.8
1952,82.50000000000001
1953,90.50000000000001
1954,97.10000000000002
1955,71.70000000000002
1956,97.10000000000002
1957,106.50000000000003
1958,65.10000000000002
1959,96.40000000000003
1960,75.20000000000003
1961,56.40000000000002
1962,79.00000000000001
1963,107.20000000000003
1964,81.10000000000002
1965,45.6
1966,115.20000000000003
1967,107.20000000000003
1968,110.00000000000004
1969,82.50000000000003
1970,107.20000000000002
1971,97.80000000000003
1972,63.000000000000014
1973,99.20000000000003
1974,96.40000000000002
1975,64.4
1976,65.10000000000002
1977,80.40000000000002
1978,73.80000000000003
1979,57.100000000000016
1980,83.20000000000002
1981,88.40000000000003
1982,87.70000000000002
1983,56.40000000000001
1984,65.10000000000002
1985,81.80000000000003
1986,104.40000000000003
1987,81.10000000000002
1988,90.50000000000003
1989,66.50000000000001
1990,88.40000000000002
1991,91.20000000000002
1992,63.7
1993,79.70000000000002
1994,104.40000000000003
1995,97.80000000000003
1996,82.50000000000001
1997,97.80000000000003
1998,41.10000000000001
1999,87.00000000000003
2000,57.800000000000026
2001,105.10000000000002
2002,97.80000000000004
2003,113.10000000000002
2004,81.10000000000002
2005,57.80000000000003
2006,56.40000000000001
2007,90.50000000000003
2008,90.50000000000001
2009,80.40000000000002
2010,95.70000000000002
2011,89.10000000000001
2012,74.50000000000003
2013,89.80000000000001
2014,65.10000000000001
2015,97.80000000000003
2016,100.60000000000005
2017,89.80000000000003
2018,49.1
2019,58.50000000000002
2020,89.10000000000002
2021,59.20000000000002
2022,89.10000000000001
2023,89.80000000000003
2024,97.10000000000001
2025,74.50000000000003
2026,48.400000000000006
2027,57.10000000000001
2028,57.80000000000001
2029,67.20000000000002
2030,81.80000000000003
2031,59.200000000000024
2032,97.10000000000002
2033,33.800000000000004
2034,91.20000000000002
2035,89.80000000000001
2036,90.50000000000003
2037,106.50000000000003
2038,90.50000000000001
2039,129.10000000000002
2040,88.40000000000002
2041,51.2
2042,49.100000000000016
2043,58.50000000000002
2044,46.300000000000004
2045,66.50000000000003
2046,79.70000000000002
2047,57.10000000000001
2048,105.10000000000002
2049,87.00000000000003
2050,66.50000000000001
2051,95.70000000000002
2052,97.80000000000003
2053,137.10000000000002
2054,96.40000000000002
2055,63.70000000000003
2056,65.10000000000001
2057,66.50000000000003
2058,89.80000000000003
2059,49.800000000000004
2060,81.10000000000001
2061,95.70000000000003
2062,83.20000000000002
2063,91.20000000000002
2064,104.40000000000002
2065,83.20000000000002
2066,105.80000000000003
2067,137.10000000000002
2068,103.70000000000002
2069,64.4
2070,81.10000000000002
2071,121.80000000000003
2072,97.80000000000001
2073,74.5
2074,82.50000000000003
2075,81.80000000000003
2076,75.20000000000002
2077,94.30000000000003
2078,98.50000000000003
2079,96.40000000000002
2080,73.80000000000001
2081,105.10000000000002
2082,114.50000000000003
2083,97.80000000000001
2084,97.10000000000002
2085,73.80000000000001
2086,80.40000000000002
2087,71.70000000000002
2088,41.80000000000001
2089,64.40000000000002
2090,80.40000000000002
2091,99.20000000000003
2092,64.4
2093,65.80000000000003
2094,89.10000000000001
2095,114.50000000000003
2096,88.40000000000002
2097,88.40000000000003
2098,58.50000000000002
2099,80.40000000000002
2100,97.10000000000002
2101,86.30000000000003
2102,97.10000000000002
2103,97.10000000000002
2104,67.20000000000002
2105,65.10000000000002
2106,97.80000000000003
2107,63.000000000000014
2108,99.20000000000003
2109,97.10000000000002
2110,98.50000000000003
2111,57.80000000000001
2112,64.40000000000002
2113,106.50000000000003
2114,66.50000000000001
2115,90.50000000000003
2116,114.50000000000003
2117,98.50000000000003
2118,50.50000000000001
2119,121.10000000000002
2120,64.4
2121,87.70000000000002
2122,97.80000000000003
2123,115.20000000000003
2124,87.70000000000002
2125,130.50000000000003
2126,95.70000000000002
2127,91.20000000000003
2128,64.4
2129,103.70000000000002
2130,58.50000000000001
2131,82.50000000000001
2132,73.80000000000003
2133,81.80000000000003
2134,113.10000000000002
2135,89.10000000000002
2136,90.50000000000003
2137,59.200000000000024
2138,113.80000000000003
2139,58.50000000000001
2140,66.50000000000003
2141,95.7
2142,51.2
2143,89.80000000000001
2144,80.40000000000002
2145,82.50000000000003
2146,88.40000000000002
2147,80.40000000000002
2148,97.80000000000004
2149,74.50000000000003
2150,73.10000000000001
2151,65.80000000000001
2152,97.80000000000001
2153,89.10000000000002
2154,103.00000000000001
2155,99.20000000000003
2156,58.50000000000002
2157,91.20000000000002
2158,89.10000000000002
2159,80.40000000000002
2160,90.50000000000003
2161,65.1
2162,105.10000000000002
2163,82.50000000000003
2164,97.10000000000002
2165,97.80000000000003
2166,57.10000000000001
2167,81.10000000000002
2168,114.50000000000003
2169,81.80000000000001
2170,105.80000000000003
2171,82.50000000000001
2172,73.80000000000001
2173,82.50000000000003
2174,57.80000000000002
2175,71.70000000000002
2176,72.40000000000002
2177,95.70000000000002
2178,57.800000000000004
2179,66.50000000000003
2180,74.50000000000003
2181,79.70000000000003
2182,91.20000000000003
2183,90.50000000000001
2184,74.50000000000001
2185,55.70000000000002
2186,106.50000000000001
2187,89.80000000000003
2188,87.00000000000001
2189,74.50000000000003
2190,62.300000000000004
2191,65.10000000000002
2192,90.50000000000001
2193,114.50000000000003
2194,65.80000000000004
2195,79.00000000000001
2196,51.2
2197,81.10000000000002
2198,96.40000000000002
2199,95.00000000000001
2200,65.80000000000001
2201,88.40000000000002
2202,82.50000000000003
2203,81.80000000000001
2204,55.7
2205,58.500000000000014
2206,91.90000000000003
2207,106.50000000000003
2208,73.10000000000001
2209,77.60000000000001
2210,96.40000000000002
2211,105.10000000000002
2212,73.10000000000002
2213,73.80000000000001
2214,95.00000000000001
2215,33.79999999999999
2216,57.10000000000001
2217,90.50000000000001
2218,63.70000000000002
2219,55.70000000000002
2220,66.50000000000001
2221,131.20000000000002
2222,74.50000000000001
2223,104.40000000000002
2224,65.10000000000002
2225,81.80000000000001
2226,87.00000000000001
2227,107.20000000000002
2228,103.00000000000003
2229,80.4
2230,89.10000000000002
2231,55.70000000000002
2232,73.10000000000001
2233,105.80000000000003
2234,82.50000000000001
2235,47.70000000000001
2236,66.50000000000003
2237,98.50000000000003
2238,114.50000000000001
2239,111.70000000000002
2240,41.8
2241,65.80000000000001
2242,97.10000000000002
2243,81.80000000000003
2244,81.80000000000003
2245,65.10000000000001
2246,73.80000000000001
2247,97.10000000000002
2248,90.50000000000003
2249,73.80000000000001
2250,73.80000000000001
2251,65.80000000000003
2252,79.70000000000002
2253,73.80000000000003
2254,80.40000000000002
2255,81.10000000000002
2256,81.80000000000001
2257,74.50000000000001
2258,96.40000000000003
2259,119.70000000000002
2260,73.10000000000001
2261,67.20000000000003
2262,145.8
2263,81.80000000000001
2264,65.80000000000001
2265,105.80000000000003
2266,83.90000000000002
2267,89.80000000000003
2268,87.00000000000001
2269,106.50000000000001
2270,95.70000000000002
2271,49.10000000000001
2272,56.40000000000001
2273,81.10000000000002
2274,80.40000000000002
2275,81.80000000000003
2276,83.90000000000002
2277,120.40000000000002
2278,91.90000000000003
2279,66.50000000000001
2280,89.10000000000002
2281,97.10000000000002
2282,89.10000000000002
2283,81.10000000000002
2284,58.500000000000014
2285,49.10000000000001
2286,73.10000000000002
2287,130.50000000000003
2288,83.20000000000002
2289,88.40000000000002
2290,105.10000000000002
2291,105.80000000000001
2292,95.70000000000002
2293,98.50000000000003
2294,48.4
2295,123.20000000000002
2296,56.400000000000006
2297,73.80000000000003
2298,106.50000000000003
2299,121.80000000000003
2300,63.0
2301,64.40000000000002
2302,65.1
2303,81.80000000000001
2304,92.60000000000002
2305,122.50000000000003
2306,107.20000000000003
2307,47.0
2308,55.00000000000001
2309,105.10000000000002
2310,66.5
2311,49.10000000000001
2312,90.50000000000003
2313,79.70000000000002
2314,82.50000000000001
2315,64.40000000000002
2316,81.80000000000001
2317,89.80000000000001
2318,82.50000000000003
2319,88.40000000000002
2320,107.20000000000002
2321,65.80000000000003
2322,81.80000000000003
2323,65.10000000000002
2324,115.20000000000002
2325,95.00000000000001
2326,111.70000000000002
2327,83.20000000000002
2328,65.10000000000002
2329,75.20000000000002
2330,50.500000000000014
2331,81.80000000000003
2332,90.50000000000003
2333,56.400000000000006
2334,81.80000000000001
2335,72.4
2336,81.80000000000001
2337,89.80000000000004
2338,106.50000000000003
2339,111.70000000000003
2340,95.70000000000002
2341,98.50000000000003
2342,73.80000000000001
2343,67.90000000000002
2344,81.80000000000001
2345,85.60000000000001
2346,81.80000000000001
2347,32.400000000000006
2348,89.80000000000001
2349,80.40000000000002
2350,88.40000000000002
2351,99.90000000000003
2352,64.4
2353,120.40000000000002
2354,98.50000000000003
2355,97.10000000000002
2356,72.40000000000002
2357,73.10000000000002
2358,74.50000000000001
2359,89.10000000000002
2360,47.7
2361,95.70000000000003
2362,66.50000000000001
2363,79.00000000000003
2364,105.10000000000002
2365,111.70000000000003
2366,107.20000000000003
2367,65.10000000000002
2368,105.80000000000003
2369,89.10000000000002
2370,74.50000000000001
2371,90.50000000000003
2372,55.7
2373,65.80000000000001
2374,66.50000000000001
2375,90.50000000000001
2376,121.80000000000003
2377,57.10000000000001
2378,98.50000000000003
2379,105.10000000000002
2380,137.10000000000002
2381,80.40000000000002
2382,106.50000000000003
2383,65.10000000000001
2384,129.1
2385,50.50000000000001
2386,81.10000000000001
2387,98.50000000000001
2388,88.4
2389,74.50000000000001
2390,65.10000000000002
2391,114.50000000000003
2392,35.199999999999996
2393,80.40000000000002
2394,107.20000000000003
2395,51.20000000000002
2396,75.20000000000002
2397,89.80000000000003
2398,73.10000000000002
2399,58.50000000000001
2400,65.80000000000001
2401,89.80000000000003
2402,105.10000000000004
2403,59.20000000000001
2404,49.100000000000016
2405,82.50000000000003
2406,114.50000000000003
2407,90.50000000000003
2408,75.20000000000002
2409,88.40000000000002
2410,88.40000000000002
2411,40.400000000000006
2412,98.50000000000003
2413,75.20000000000002
2414,66.50000000000003
2415,57.80000000000001
2416,89.10000000000002
2417,106.50000000000003
2418,74.50000000000001
2419,89.80000000000003
2420,91.20000000000002
2421,88.40000000000002
2422,97.10000000000002
2423,105.80000000000003
2424,65.10000000000002
2425,137.8
2426,66.50000000000001
2427,113.80000000000003
2428,81.80000000000003
2429,66.50000000000003
2430,93.60000000000002
2431,57.10000000000002
2432,82.50000000000001
2433,121.10000000000002
2434,65.10000000000002
2435,50.50000000000001
2436,80.40000000000002
2437,112.40000000000002
2438,99.20000000000003
2439,65.80000000000003
2440,65.80000000000003
2441,97.80000000000003
2442,83.20000000000002
2443,92.60000000000004
2444,90.50000000000003
2445,57.10000000000001
2446,106.50000000000003
2447,72.40000000000003
2448,105.80000000000003
2449,113.80000000000003
2450,121.80000000000003
2451,87.0
2452,65.80000000000001
2453,79.0
2454,97.80000000000003
2455,81.80000000000003
2456,56.40000000000001
2457,65.10000000000002
2458,66.50000000000001
2459,56.400000000000006
2460,82.50000000000003
2461,64.40000000000003
2462,81.10000000000002
2463,56.40000000000001
2464,82.50000000000001
2465,105.10000000000002
2466,89.80000000000003
2467,83.20000000000002
2468,72.40000000000002
2469,73.10000000000002
2470,82.50000000000003
2471,81.10000000000001
2472,104.40000000000002
2473,72.40000000000002
2474,80.40000000000002
2475,95.00000000000001
2476,89.10000000000002
2477,99.20000000000003
2478,71.0
2479,106.50000000000003
2480,79.00000000000001
2481,71.70000000000002
2482,80.40000000000002
2483,96.4
2484,75.20000000000002
2485,80.40000000000002
2486,72.40000000000002
2487,97.80000000000003
2488,73.10000000000002
2489,98.50000000000003
2490,74.50000000000001
2491,97.10000000000002
2492,97.10000000000002
2493,59.90000000000001
2494,112.40000000000002
2495,97.10000000000002
2496,91.90000000000003
2497,73.80000000000003
2498,66.50000000000001
2499,67.20000000000002
2500,64.4
2501,106.50000000000003
2502,106.50000000000003
2503,63.00000000000002
2504,72.4
2505,90.50000000000001
2506,104.40000000000002
2507,120.40000000000003
2508,122.50000000000003
2509,89.10000000000002
2510,65.10000000000001
2511,57.80000000000001
2512,90.50000000000003
2513,31.699999999999996
2514,105.80000000000003
2515,81.80000000000001
2516,96.40000000000002
2517,71.70000000000002
2518,113.10000000000002
2519,98.50000000000001
2520,80.40000000000002
2521,72.40000000000002
2522,113.80000000000003
2523,57.80000000000002
2524,105.10000000000002
2525,98.50000000000003
2526,88.40000000000002
2527,73.10000000000001
2528,63.00000000000001
2529,73.10000000000001
2530,65.80000000000001
2531,90.50000000000003
2532,87.70000000000002
2533,56.400000000000006
2534,47.70000000000002
2535,109.60000000000001
2536,114.50000000000003
2537,89.80000000000003
2538,57.80000000000001
2539,58.50000000000001
2540,73.10000000000002
2541,82.50000000000003
2542,81.80000000000003
2543,74.50000000000003
2544,74.50000000000001
2545,105.10000000000002
2546,105.10000000000002
2547,81.80000000000001
2548,73.80000000000003
2549,48.400000000000006
2550,80.40000000000002
2551,91.20000000000002
2552,67.20000000000002
2553,87.00000000000001
2554,113.80000000000004
2555,97.80000000000004
2556,80.40000000000003
2557,89.80000000000003
2558,113.10000000000002
2559,71.0
2560,113.10000000000002
2561,57.1
2562,75.20000000000003
2563,104.40000000000002
2564,97.10000000000002
2565,96.40000000000002
2566,79.00000000000001
2567,87.70000000000003
2568,89.80000000000003
2569,87.70000000000002
2570,71.00000000000001
2571,65.80000000000001
2572,90.50000000000001
2573,41.8
2574,9.799999999999997
2575,74.50000000000001
2576,65.10000000000001
2577,106.50000000000003
2578,73.10000000000001
2579,97.80000000000001
2580,104.40000000000002
2581,89.80000000000003
2582,112.40000000000003
2583,81.80000000000003
2584,89.80000000000004
2585,112.40000000000002
2586,109.60000000000001
2587,57.80000000000002
2588,75.20000000000002
2589,66.5
2590,95.00000000000001
2591,111.00000000000001
2592,65.10000000000001
2593,64.4
2594,103.70000000000002
2595,105.10000000000002
2596,99.20000000000002
2597,74.50000000000001
2598,63.70000000000002
2599,113.80000000000003
2600,64.4
2601,49.800000000000004
2602,79.70000000000002
2603,97.80000000000003
2604,80.4
2605,67.20000000000003
2606,79.7
2607,83.20000000000002
2608,90.50000000000001
2609,81.10000000000002
2610,48.400000000000006
2611,121.10000000000002
2612,50.5
2613,115.20000000000003
2614,73.10000000000002
2615,80.4
2616,90.50000000000003
2617,58.500000000000014
2618,71.70000000000002
2619,105.80000000000003
2620,110.30000000000003
2621,96.40000000000002
2622,138.50000000000003
2623,98.50000000000003
2624,80.40000000000002
2625,82.50000000000003
2626,97.80000000000003
2627,25.099999999999994
2628,105.80000000000003
2629,87.70000000000002
2630,48.400000000000006
2631,79.70000000000002
2632,97.10000000000001
2633,89.80000000000001
2634,89.10000000000002
2635,95.70000000000002
2636,90.50000000000003
2637,79.00000000000001
2638,97.10000000000002
2639,81.10000000000001
2640,111.00000000000003
2641,56.400000000000006
2642,129.8
2643,82.50000000000001
2644,113.80000000000003
2645,81.80000000000003
2646,99.90000000000003
2647,74.50000000000003
2648,73.10000000000002
2649,65.10000000000002
2650,75.2
2651,89.10000000000001
2652,49.10000000000002
2653,120.40000000000003
2654,82.50000000000003
2655,80.40000000000002
2656,114.50000000000003
2657,107.90000000000003
2658,98.50000000000003
2659,80.40000000000002
2660,57.10000000000001
2661,90.50000000000003
2662,81.10000000000002
2663,73.80000000000001
2664,81.80000000000003
2665,97.80000000000003
2666,81.80000000000001
2667,89.80000000000003
2668,55.70000000000001
2669,73.80000000000001
2670,73.80000000000003
2671,73.80000000000001
2672,73.80000000000003
2673,79.00000000000003
2674,33.8
2675,90.50000000000003
2676,89.80000000000001
2677,88.40000000000002
2678,82.50000000000003
2679,95.70000000000002
2680,106.50000000000003
2681,64.4
2682,49.10000000000001
2683,72.40000000000002
2684,89.80000000000003
2685,103.70000000000002
2686,98.50000000000003
2687,49.10000000000001
2688,33.800000000000004
2689,66.50000000000003
2690,58.50000000000002
2691,82.50000000000003
2692,104.40000000000002
2693,114.50000000000003
2694,122.50000000000003
2695,105.80000000000003
2696,88.40000000000002
2697,111.00000000000001
2698,72.40000000000002
2699,98.50000000000003
2700,65.80000000000001
2701,88.40000000000002
2702,81.10000000000001
2703,80.40000000000003
2704,57.800000000000004
2705,98.50000000000003
2706,65.10000000000002
2707,81.80000000000003
2708,88.40000000000002
2709,63.70000000000002
2710,89.10000000000002
2711,103.7
2712,96.40000000000002
2713,89.80000000000001
2714,51.20000000000002
2715,87.70000000000002
2716,98.50000000000003
2717,74.50000000000001
2718,57.10000000000001
2719,88.40000000000002
2720,98.50000000000003
2721,79.70000000000002
2722,97.10000000000002
2723,82.50000000000003
2724,83.20000000000002
2725,114.50000000000003
2726,81.80000000000001
2727,119.70000000000002
2728,79.00000000000001
2729,65.10000000000001
2730,98.50000000000003
2731,65.10000000000002
2732,65.80000000000001
2733,96.40000000000002
2734,87.70000000000002
2735,64.4
2736,81.10000000000002
2737,63.70000000000002
2738,106.50000000000003
2739,97.80000000000003
2740,89.10000000000002
2741,71.70000000000002
2742,74.5
2743,64.40000000000002
2744,41.80000000000001
2745,82.50000000000001
2746,74.50000000000003
2747,57.80000000000001
2748,73.80000000000001
2749,99.20000000000003
2750,104.40000000000002
2751,74.50000000000003
2752,113.80000000000003
2753,113.80000000000003
2754,73.80000000000001
2755,79.00000000000001
2756,65.80000000000001
2757,105.80000000000003
2758,97.80000000000004
2759,66.50000000000001
2760,81.80000000000001
2761,105.10000000000002
2762,97.10000000000002
2763,73.80000000000003
2764,113.10000000000002
2765,90.50000000000003
2766,107.20000000000002
2767,71.70000000000002
2768,72.4
2769,33.10000000000001
2770,78.30000000000001
2771,64.4
2772,89.80000000000003
2773,105.10000000000002
2774,91.20000000000003
2775,57.800000000000004
2776,87.70000000000002
2777,112.40000000000003
2778,58.50000000000001
2779,80.40000000000002
2780,65.80000000000003
2781,58.50000000000001
2782,105.10000000000002
2783,64.4
2784,72.40000000000002
2785,106.50000000000003
2786,71.00000000000001
2787,87.70000000000002
2788,81.10000000000001
2789,97.10000000000002
2790,89.10000000000002
2791,80.40000000000002
2792,81.80000000000001
2793,72.40000000000002
2794,81.80000000000003
2795,56.400000000000006
2796,80.4
2797,79.70000000000002
2798,81.10000000000002
2799,41.8
2800,65.80000000000001
2801,105.10000000000002
2802,83.20000000000003
2803,104.40000000000002
2804,82.50000000000003
2805,81.80000000000003
2806,79.00000000000001
2807,72.40000000000003
2808,114.50000000000003
2809,81.80000000000003
2810,96.40000000000002
2811,96.40000000000002
2812,89.10000000000002
2813,64.4
2814,63.00000000000003
2815,63.70000000000001
2816,89.80000000000003
2817,127.00000000000003
2818,74.50000000000001
2819,114.50000000000004
2820,89.80000000000001
2821,106.50000000000003
2822,79.70000000000002
2823,115.20000000000003
2824,79.00000000000001
2825,65.10000000000002
2826,104.40000000000002
2827,97.80000000000001
2828,103.70000000000002
2829,81.10000000000002
2830,97.80000000000003
2831,97.80000000000001
2832,62.30000000000001
2833,122.50000000000003
2834,87.70000000000002
2835,73.10000000000002
2836,89.80000000000001
2837,49.800000000000004
2838,81.80000000000001
2839,71.70000000000002
2840,114.50000000000003
2841,57.100000000000016
2842,64.4
2843,73.10000000000002
2844,81.10000000000004
2845,57.80000000000002
2846,47.7
2847,130.50000000000003
2848,62.30000000000001
2849,40.400000000000006
2850,65.80000000000001
2851,79.70000000000002
2852,80.40000000000002
2853,81.10000000000001
2854,65.80000000000001
2855,89.10000000000001
2856,114.50000000000003
2857,66.50000000000003
2858,81.10000000000001
2859,66.50000000000003
2860,72.40000000000002
2861,49.80000000000001
2862,106.50000000000003
2863,113.10000000000002
2864,73.80000000000001
2865,96.40000000000002
2866,71.00000000000003
2867,89.80000000000001
2868,89.10000000000001
2869,106.50000000000003
2870,65.10000000000001
2871,65.10000000000001
2872,64.4
2873,65.80000000000001
2874,129.8
2875,39.7
2876,51.2
2877,131.20000000000005
2878,111.00000000000001
2879,66.50000000000003
2880,83.20000000000002
2881,74.50000000000001
2882,81.10000000000004
2883,97.10000000000002
2884,105.80000000000003
2885,57.80000000000002
2886,75.20000000000002
2887,89.80000000000003
2888,129.10000000000002
2889,58.500000000000014
2890,115.20000000000003
2891,81.10000000000001
2892,70.30000000000001
2893,96.4
2894,66.50000000000001
2895,89.80000000000003
2896,99.90000000000003
2897,107.90000000000003
2898,89.80000000000003
2899,98.50000000000003
2900,123.20000000000003
2901,82.50000000000001
2902,107.90000000000003
2903,81.10000000000002
2904,81.10000000000002
2905,121.80000000000003
2906,73.10000000000001
2907,97.80000000000001
2908,75.20000000000003
2909,82.50000000000001
2910,89.10000000000002
2911,75.20000000000002
2912,57.10000000000002
2913,54.30000000000001
2914,64.40000000000002
2915,57.10000000000001
2916,82.50000000000003
2917,89.10000000000001
2918,115.20000000000003
2919,105.80000000000003
2920,79.70000000000003
2921,106.50000000000003
2922,73.80000000000003
2923,66.50000000000001
2924,65.80000000000001
2925,72.40000000000002
2926,75.20000000000002
2927,65.10000000000002
2928,88.4
2929,103.70000000000002
2930,73.80000000000003
2931,112.40000000000003
2932,47.7
2933,73.80000000000001
2934,89.80000000000003
2935,51.2
2936,73.80000000000003
2937,114.50000000000003
2938,82.50000000000003
2939,65.80000000000003
2940,97.80000000000003
2941,99.20000000000003
2942,89.80000000000003
2943,99.90000000000003
2944,98.50000000000001
2945,72.40000000000002
2946,73.80000000000003
2947,99.20000000000003
2948,97.80000000000003
2949,99.20000000000003
2950,81.10000000000001
2951,105.80000000000003
2952,89.80000000000003
2953,57.10000000000002
2954,47.70000000000001
2955,89.80000000000003
2956,99.20000000000003
2957,89.80000000000001
2958,115.20000000000003
2959,105.80000000000003
2960,113.10000000000002
2961,73.80000000000003
2962,80.40000000000002
2963,66.5
2964,50.5
2965,87.70000000000002
2966,63.70000000000002
2967,80.4
2968,81.80000000000003
2969,97.80000000000003
2970,90.50000000000003
2971,90.50000000000003
2972,81.80000000000003
2973,82.50000000000003
2974,98.50000000000001
2975,67.2
2976,112.40000000000002
2977,64.4
2978,107.90000000000003
2979,65.10000000000001
2980,74.50000000000003
2981,91.20000000000002
2982,83.9
2983,67.20000000000002
2984,80.40000000000002
2985,105.80000000000003
2986,82.5
2987,89.80000000000003
2988,97.80000000000003
2989,105.80000000000003
2990,82.50000000000001
2991,88.40000000000002
2992,74.50000000000001
2993,95.70000000000002
2994,74.50000000000001
2995,97.10000000000002
2996,97.80000000000003
2997,74.50000000000001
2998,64.40000000000002
2999,103.00000000000001
3000,122.50000000000003
3001,120.40000000000003
3002,97.10000000000002
3003,89.80000000000003
3004,98.50000000000003
3005,74.50000000000001
3006,98.50000000000003
3007,98.50000000000001
3008,97.80000000000003
3009,56.400000000000006
3010,89.80000000000003
3011,96.40000000000003
3012,113.10000000000002
3013,89.80000000000003
3014,73.80000000000003
3015,95.70000000000002
3016,80.40000000000002
3017,80.40000000000002
3018,139.2
3019,66.50000000000003
3020,97.10000000000002
3021,105.80000000000003
3022,105.80000000000001
3023,56.400000000000006
3024,83.90000000000003
3025,98.50000000000001
3026,95.70000000000002
3027,81.10000000000002
3028,88.40000000000002
3029,73.10000000000002
3030,97.10000000000002
3031,89.80000000000001
3032,121.10000000000002
3033,80.40000000000002
3034,82.50000000000003
3035,113.80000000000003
3036,121.10000000000002
3037,58.50000000000001
3038,81.80000000000003
3039,65.80000000000001
3040,89.80000000000004
3041,67.20000000000002
3042,121.10000000000002
3043,39.0
3044,65.80000000000003
3045,87.70000000000002
3046,121.10000000000002
3047,91.20000000000002
3048,90.50000000000001
3049,75.20000000000003
3050,73.10000000000002
3051,114.50000000000003
3052,106.50000000000003
3053,105.80000000000003
3054,81.80000000000001
3055,97.10000000000002
3056,64.40000000000002
3057,123.90000000000003
3058,89.10000000000002
3059,51.200000000000024
3060,49.10000000000002
3061,67.20000000000002
3062,103.00000000000001
3063,71.70000000000002
3064,73.10000000000002
3065,95.70000000000002
3066,89.10000000000002
3067,79.70000000000002
3068,98.50000000000003
3069,98.50000000000003
3070,121.80000000000003
3071,95.70000000000002
3072,70.30000000000001
3073,71.7
3074,65.80000000000001
3075,119.70000000000003
3076,57.80000000000001
3077,103.00000000000003
3078,83.20000000000003
3079,89.10000000000002
3080,34.49999999999999
3081,105.80000000000003
3082,66.50000000000001
3083,89.10000000000002
3084,87.70000000000002
3085,99.20000000000003
3086,81.80000000000003
3087,57.800000000000004
3088,81.10000000000002
3089,95.70000000000003
3090,90.50000000000003
3091,74.50000000000003
3092,113.80000000000003
3093,81.80000000000003
3094,115.20000000000003
3095,97.80000000000003
3096,89.10000000000002
3097,80.40000000000002
3098,88.40000000000002
3099,67.20000000000003
3100,67.90000000000002
3101,104.40000000000003
3102,90.50000000000001
3103,98.50000000000003
3104,65.80000000000001
3105,73.80000000000001
3106,83.20000000000002
3107,74.50000000000003
3108,89.10000000000002
3109,89.80000000000003
3110,106.50000000000003
3111,72.4
3112,81.8
3113,79.70000000000002
3114,104.40000000000002
3115,96.40000000000002
3116,80.40000000000002
3117,95.70000000000002
3118,57.100000000000016
3119,64.40000000000002
3120,72.40000000000002
3121,105.80000000000004
3122,67.20000000000002
3123,55.00000000000001
3124,104.40000000000002
3125,95.70000000000002
3126,89.10000000000002
3127,74.5
3128,113.10000000000002
3129,89.10000000000002
3130,97.10000000000002
3131,111.70000000000002
3132,74.50000000000001
3133,122.50000000000003
3134,82.50000000000003
3135,57.10000000000001
3136,46.3
3137,88.40000000000002
3138,90.50000000000001
3139,91.90000000000003
3140,58.500000000000014
3141,96.40000000000002
3142,66.50000000000001
3143,81.10000000000002
3144,122.50000000000003
3145,82.50000000000003
3146,105.80000000000003
3147,119.00000000000001
3148,75.90000000000002
3149,89.80000000000001
3150,83.2
3151,80.40000000000002
3152,99.20000000000003
3153,87.70000000000002
3154,89.80000000000001
3155,90.5
3156,73.80000000000001
3157,89.80000000000003
3158,49.10000000000002
3159,121.10000000000002
3160,43.200000000000024
3161,49.8
3162,88.4
3163,81.10000000000001
3164,104.40000000000002
3165,65.10000000000001
3166,58.50000000000003
3167,48.400000000000006
3168,82.50000000000003
3169,89.10000000000002
3170,68.60000000000002
3171,75.90000000000002
3172,138.50000000000006
3173,85.60000000000001
3174,82.50000000000003
3175,65.10000000000002
3176,81.80000000000003
3177,97.10000000000002
3178,74.50000000000001
3179,88.40000000000002
3180,89.10000000000002
3181,82.50000000000003
3182,58.50000000000003
3183,88.40000000000002
3184,49.10000000000001
3185,89.80000000000003
3186,90.50000000000001
3187,63.7
3188,114.50000000000003
3189,73.10000000000001
3190,65.10000000000002
3191,89.10000000000002
3192,96.40000000000002
3193,97.80000000000001
3194,65.10000000000002
3195,97.10000000000002
3196,104.40000000000002
3197,89.80000000000003
3198,89.10000000000002
3199,88.40000000000002
3200,95.70000000000002
3201,112.40000000000002
3202,58.50000000000001
3203,73.10000000000002
3204,87.00000000000001
3205,74.50000000000003
3206,58.5
3207,72.4
3208,82.50000000000001
3209,65.10000000000002
3210,97.80000000000003
3211,121.80000000000003
3212,87.00000000000001
3213,89.80000000000001
3214,123.20000000000003
3215,106.50000000000003
3216,90.50000000000003
3217,89.80000000000003
3218,80.40000000000002
3219,79.00000000000001
3220,107.20000000000003
3221,49.100000000000016
3222,89.80000000000004
3223,82.50000000000003
3224,57.100000000000016
3225,81.80000000000003
3226,73.10000000000002
3227,66.5
3228,96.40000000000002
3229,65.80000000000001
3230,97.80000000000001
3231,106.50000000000003
3232,65.80000000000003
3233,67.20000000000002
3234,89.80000000000001
3235,107.20000000000002
3236,89.10000000000002
3237,98.50000000000003
3238,47.000000000000014
3239,88.40000000000002
3240,95.70000000000002
3241,81.80000000000003
3242,65.80000000000003
3243,89.10000000000002
3244,73.10000000000001
3245,43.20000000000001
3246,82.50000000000003
3247,57.80000000000001
3248,38.300000000000004
3249,86.30000000000001
3250,79.70000000000002
3251,90.50000000000003
3252,114.50000000000003
3253,123.90000000000003
3254,49.800000000000004
3255,82.50000000000001
3256,81.80000000000001
3257,98.50000000000001
3258,75.20000000000003
3259,97.80000000000003
3260,65.1
3261,73.80000000000001
3262,105.10000000000002
3263,106.50000000000003
3264,128.40000000000003
3265,80.40000000000002
3266,50.50000000000002
3267,80.40000000000003
3268,112.40000000000002
3269,105.10000000000002
3270,112.40000000000002
3271,83.20000000000002
3272,59.200000000000024
3273,42.50000000000001
3274,63.7
3275,49.80000000000001
3276,91.20000000000003
3277,89.80000000000003
3278,88.40000000000002
3279,49.80000000000002
3280,91.90000000000003
3281,104.40000000000002
3282,98.50000000000003
3283,96.40000000000002
3284,89.10000000000002
3285,73.10000000000002
3286,97.80000000000003
3287,81.80000000000001
3288,81.10000000000001
3289,105.80000000000003
3290,91.20000000000003
3291,105.10000000000002
3292,81.10000000000002
3293,83.20000000000003
3294,90.50000000000001
3295,95.00000000000001
3296,81.80000000000003
3297,74.5
3298,130.50000000000003
3299,96.40000000000003
3300,97.80000000000003
3301,98.50000000000001
3302,89.10000000000002
3303,74.50000000000001
3304,107.20000000000002
3305,81.80000000000001
3306,83.20000000000003
3307,112.4
3308,99.90000000000003
3309,104.40000000000002
3310,112.40000000000002
3311,63.000000000000014
3312,73.80000000000003
3313,97.80000000000003
3314,74.50000000000003
3315,80.40000000000003
3316,113.10000000000002
3317,111.70000000000002
3318,95.70000000000002
3319,73.80000000000003
3320,105.10000000000002
3321,91.20000000000002
3322,58.50000000000002
3323,104.40000000000002
3324,104.40000000000002
3325,105.10000000000002
3326,81.80000000000003
3327,100.60000000000002
3328,81.10000000000001
3329,88.4
3330,87.70000000000002
3331,98.50000000000003
3332,59.20000000000002
3333,83.90000000000002
3334,82.50000000000001
3335,80.40000000000002
3336,99.20000000000002
3337,81.10000000000001
3338,71.70000000000002
3339,81.80000000000001
3340,90.50000000000003
3341,74.50000000000003
3342,74.50000000000001
3343,73.8
3344,72.40000000000002
3345,82.50000000000001
3346,81.80000000000003
3347,90.50000000000003
3348,105.80000000000003
3349,138.50000000000003
3350,82.50000000000003
3351,66.50000000000003
3352,128.40000000000003
3353,48.400000000000006
3354,105.80000000000003
3355,73.10000000000002
3356,88.40000000000002
3357,81.10000000000001
3358,58.50000000000002
3359,71.00000000000001
3360,79.00000000000001
3361,105.80000000000001
3362,83.20000000000003
3363,81.10000000000001
3364,82.50000000000001
3365,114.50000000000003
3366,69.60000000000002
3367,79.00000000000001
3368,66.5
3369,49.80000000000001
3370,88.40000000000002
3371,66.50000000000003
3372,82.50000000000003
3373,81.10000000000002
3374,89.10000000000002
3375,98.50000000000003
3376,87.00000000000001
3377,105.80000000000003
3378,98.50000000000003
3379,113.80000000000003
3380,74.50000000000003
3381,57.10000000000002
3382,74.50000000000003
3383,89.80000000000001
3384,72.40000000000002
3385,100.60000000000004
3386,81.80000000000003
3387,83.20000000000002
3388,112.40000000000002
3389,97.80000000000003
3390,83.20000000000002
3391,98.50000000000003
3392,89.10000000000002
3393,106.50000000000003
3394,113.10000000000002
3395,91.20000000000002
3396,103.70000000000003
3397,95.70000000000002
3398,146.5
3399,72.4
3400,114.50000000000003
3401,90.50000000000003
3402,81.80000000000001
3403,81.10000000000001
3404,105.80000000000003
3405,89.10000000000001
3406,105.80000000000003
3407,65.10000000000001
3408,113.80000000000003
3409,97.80000000000001
3410,97.80000000000004
3411,121.10000000000002
3412,97.80000000000003
3413,110.00000000000004
3414,71.00000000000001
3415,105.80000000000004
3416,79.70000000000002
3417,114.50000000000003
3418,71.70000000000002
3419,95.70000000000003
3420,33.800000000000004
3421,57.80000000000002
3422,59.90000000000002
3423,97.80000000000003
3424,63.70000000000002
3425,81.80000000000003
3426,97.80000000000003
3427,57.10000000000001
3428,98.50000000000003
3429,89.10000000000002
3430,73.10000000000001
3431,57.100000000000016
3432,65.10000000000002
3433,97.80000000000003
3434,87.70000000000002
3435,40.400000000000006
3436,105.80000000000001
3437,162.5
3438,104.40000000000002
3439,65.80000000000001
3440,97.80000000000001
3441,80.40000000000002
3442,73.80000000000003
3443,66.50000000000001
3444,79.70000000000002
3445,98.50000000000001
3446,82.50000000000003
3447,97.10000000000002
3448,97.10000000000002
3449,112.40000000000003
3450,82.50000000000003
3451,89.80000000000003
3452,81.10000000000002
3453,86.30000000000003
3454,88.40000000000002
3455,41.80000000000001
3456,113.10000000000002
3457,92.60000000000002
3458,74.50000000000001
3459,81.10000000000001
3460,129.10000000000002
3461,113.80000000000004
3462,92.60000000000002
3463,89.80000000000001
3464,83.20000000000003
3465,88.40000000000002
3466,121.10000000000004
3467,83.20000000000003
3468,137.8
3469,98.50000000000003
3470,72.40000000000003
3471,41.10000000000001
3472,91.20000000000003
3473,89.80000000000003
3474,87.00000000000001
3475,113.10000000000002
3476,73.80000000000001
3477,65.80000000000003
3478,79.7
3479,113.80000000000003
3480,89.80000000000003
3481,79.70000000000002
3482,90.50000000000001
3483,89.80000000000004
3484,95.0
3485,96.40000000000003
3486,82.50000000000003
3487,91.20000000000002
3488,88.40000000000002
3489,63.70000000000002
3490,89.10000000000002
3491,113.10000000000004
3492,113.80000000000001
3493,105.80000000000003
3494,63.70000000000002
3495,65.80000000000001
3496,127.70000000000003
3497,97.80000000000003
3498,104.40000000000002
3499,74.50000000000003
3500,47.7
3501,113.80000000000003
3502,72.40000000000002
3503,111.00000000000001
3504,106.50000000000003
3505,90.50000000000003
3506,114.50000000000003
3507,90.50000000000003
3508,57.10000000000002
3509,71.70000000000003
3510,138.5
3511,99.20000000000003
3512,65.80000000000003
3513,79.7
3514,96.40000000000002
3515,91.20000000000002
3516,62.30000000000001
3517,48.400000000000006
3518,65.10000000000001
3519,75.20000000000002
3520,66.50000000000003
3521,121.10000000000002
3522,97.80000000000003
3523,32.40000000000001
3524,82.50000000000001
3525,65.80000000000003
3526,113.10000000000001
3527,55.000000000000014
3528,95.70000000000002
3529,119.70000000000003
3530,65.80000000000001
3531,97.10000000000002
3532,113.10000000000002
3533,89.80000000000003
3534,89.10000000000004
3535,89.10000000000002
3536,100.60000000000004
3537,82.50000000000001
3538,129.8
3539,73.80000000000003
3540,88.40000000000002
3541,114.50000000000003
3542,97.10000000000002
3543,96.4
3544,90.50000000000001
3545,47.70000000000002
3546,81.10000000000002
3547,82.5
3548,55.7
3549,98.50000000000003
3550,104.40000000000002
3551,112.40000000000002
3552,122.50000000000003
3553,105.80000000000003
3554,115.20000000000005
3555,128.40000000000003
3556,81.80000000000001
3557,81.80000000000003
3558,113.80000000000004
3559,43.20000000000001
3560,65.80000000000001
3561,81.80000000000003
3562,96.40000000000002
3563,73.10000000000002
3564,88.40000000000002
3565,74.50000000000001
3566,104.40000000000002
3567,107.20000000000002
3568,98.50000000000003
3569,81.80000000000003
3570,73.80000000000003
3571,47.7
3572,56.4
3573,75.20000000000003
3574,66.50000000000003
3575,96.40000000000002
3576,62.3
3577,89.10000000000001
3578,59.20000000000002
3579,83.20000000000003
3580,107.20000000000002
3581,81.10000000000002
3582,119.00000000000001
3583,65.80000000000001
3584,58.50000000000001
3585,107.20000000000003
3586,91.20000000000003
3587,101.30000000000001
3588,79.7
3589,98.50000000000004
3590,73.10000000000001
3591,121.80000000000004
3592,75.20000000000002
3593,82.50000000000003
3594,56.400000000000006
3595,40.400000000000006
3596,81.80000000000003
3597,65.10000000000002
3598,99.20000000000003
3599,63.00000000000001
3600,97.10000000000002
3601,81.80000000000003
3602,63.000000000000014
3603,89.10000000000002
3604,81.10000000000001
3605,81.10000000000002
3606,106.50000000000003
3607,89.10000000000002
3608,113.10000000000002
3609,107.90000000000002
3610,81.10000000000001
3611,82.50000000000001
3612,97.10000000000002
3613,58.50000000000001
3614,88.40000000000002
3615,98.50000000000003
3616,112.40000000000002
3617,90.50000000000001
3618,115.20000000000002
3619,98.50000000000001
3620,82.50000000000001
3621,138.50000000000003
3622,111.00000000000001
3623,82.50000000000001
3624,97.80000000000001
3625,81.10000000000001
3626,111.00000000000001
3627,81.10000000000001
3628,82.50000000000001
3629,62.30000000000001
3630,67.20000000000003
3631,31.699999999999996
3632,104.40000000000002
3633,137.8
3634,97.10000000000002
3635,91.20000000000003
3636,83.20000000000002
3637,89.10000000000001
3638,99.20000000000003
3639,73.10000000000001
3640,66.50000000000003
3641,103.70000000000002
3642,87.00000000000001
3643,97.10000000000002
3644,80.4
3645,97.80000000000003
3646,59.2
3647,58.50000000000001
3648,65.80000000000001
3649,96.4
3650,82.50000000000001
3651,96.40000000000002
3652,97.80000000000003
3653,75.20000000000002
3654,114.50000000000003
3655,73.10000000000002
3656,105.10000000000002
3657,91.20000000000003
3658,129.8
3659,55.7
3660,81.10000000000002
3661,91.20000000000002
3662,74.50000000000001
3663,113.10000000000002
3664,113.80000000000003
3665,105.10000000000002
3666,129.8
3667,97.10000000000001
3668,66.50000000000001
3669,56.40000000000001
3670,56.40000000000002
3671,88.40000000000003
3672,65.80000000000003
3673,49.800000000000004
3674,55.0
3675,104.40000000000002
3676,57.100000000000016
3677,88.40000000000002
3678,73.10000000000001
3679,65.1
3680,72.4
3681,89.80000000000003
3682,89.80000000000003
3683,82.50000000000003
3684,72.40000000000002
3685,49.80000000000001
3686,129.8
3687,73.80000000000001
3688,48.40000000000001
3689,72.40000000000002
3690,57.10000000000002
3691,98.50000000000003
3692,90.50000000000003
3693,105.80000000000004
3694,74.50000000000001
3695,81.10000000000001
3696,55.00000000000003
3697,115.90000000000003
3698,89.10000000000001
3699,111.00000000000001
3700,72.40000000000002
3701,73.10000000000002
3702,104.40000000000002
3703,89.10000000000002
3704,73.80000000000001
3705,64.40000000000002
3706,72.40000000000002
3707,114.50000000000003
3708,81.80000000000003
3709,81.10000000000001
3710,104.40000000000002
3711,97.10000000000002
3712,123.20000000000003
3713,91.20000000000003
3714,97.80000000000003
3715,95.70000000000003
3716,56.400000000000006
3717,80.40000000000002
3718,49.80000000000001
3719,98.50000000000004
3720,97.10000000000002
3721,66.50000000000001
3722,89.10000000000002
3723,65.10000000000002
3724,88.40000000000002
3725,63.70000000000002
3726,71.00000000000001
3727,112.40000000000002
3728,87.70000000000002
3729,98.50000000000003
3730,97.10000000000002
3731,82.50000000000003
3732,106.50000000000003
3733,77.60000000000001
3734,81.10000000000002
3735,114.50000000000003
3736,67.90000000000002
3737,82.50000000000001
3738,73.10000000000002
3739,107.20000000000003
3740,68.2
3741,105.80000000000003
3742,66.5
3743,128.40000000000003
3744,65.10000000000001
3745,71.70000000000002
3746,57.1
3747,87.00000000000001
3748,82.50000000000003
3749,80.4
3750,113.10000000000002
3751,66.50000000000001
3752,65.80000000000001
3753,97.10000000000001
3754,113.10000000000001
3755,72.40000000000002
3756,74.50000000000003
3757,57.100000000000016
3758,89.80000000000001
3759,82.50000000000001
3760,89.80000000000003
3761,73.80000000000001
3762,57.10000000000001
3763,87.70000000000002
3764,73.10000000000002
3765,63.7
3766,65.10000000000001
3767,65.80000000000001
3768,111.70000000000003
3769,65.80000000000001
3770,105.10000000000002
3771,81.80000000000003
3772,73.10000000000002
3773,108.60000000000004
3774,95.70000000000003
3775,65.10000000000002
3776,66.50000000000003
3777,103.70000000000002
3778,97.10000000000002
3779,66.50000000000001
3780,72.40000000000002
3781,114.50000000000003
3782,89.80000000000001
3783,81.80000000000003
3784,83.20000000000003
3785,80.40000000000002
3786,97.10000000000002
3787,88.40000000000002
3788,88.40000000000002
3789,105.10000000000002
3790,81.80000000000003
3791,81.10000000000002
3792,114.50000000000003
3793,88.40000000000002
3794,107.20000000000003
3795,79.00000000000001
3796,72.40000000000002
3797,58.500000000000014
3798,73.80000000000003
3799,88.40000000000002
3800,111.00000000000001
3801,81.10000000000002
3802,123.90000000000003
3803,74.50000000000001
3804,114.50000000000003
3805,83.20000000000002
3806,89.80000000000003
3807,49.800000000000004
3808,113.80000000000003
3809,103.00000000000001
3810,72.4
3811,99.20000000000002
3812,130.50000000000003
3813,65.10000000000001
3814,81.10000000000001
3815,90.50000000000001
3816,81.10000000000002
3817,57.10000000000002
3818,89.80000000000003
3819,95.70000000000003
3820,73.10000000000002
3821,65.10000000000002
3822,107.20000000000003
3823,105.10000000000002
3824,115.20000000000003
3825,65.10000000000002
3826,66.50000000000001
3827,57.800000000000004
3828,96.40000000000002
3829,98.50000000000003
3830,97.80000000000003
3831,105.80000000000003
3832,65.80000000000001
3833,74.50000000000001
3834,73.10000000000001
3835,73.80000000000001
3836,121.10000000000002
3837,123.20000000000003
3838,43.2
3839,120.40000000000002
3840,105.10000000000002
3841,47.70000000000001
3842,90.50000000000003
3843,121.10000000000002
3844,97.80000000000004
3845,71.70000000000002
3846,73.10000000000002
3847,67.20000000000002
3848,82.50000000000003
3849,64.4
3850,128.40000000000003
3851,98.50000000000003
3852,71.70000000000002
3853,70.30000000000001
3854,105.10000000000002
3855,96.40000000000002
3856,97.10000000000002
3857,97.10000000000001
3858,89.10000000000002
3859,81.10000000000002
3860,97.80000000000004
3861,87.00000000000001
3862,99.20000000000003
3863,107.20000000000003
3864,74.50000000000003
3865,98.50000000000003
3866,90.50000000000003
3867,96.40000000000002
3868,98.50000000000001
3869,73.10000000000002
3870,72.40000000000002
3871,89.10000000000002
3872,105.10000000000002
3873,73.80000000000001
3874,89.80000000000003
3875,82.50000000000001
3876,64.40000000000002
3877,98.50000000000003
3878,81.80000000000001
3879,91.20000000000002
3880,79.7
3881,99.20000000000003
3882,98.50000000000003
3883,65.10000000000002
3884,81.80000000000003
3885,80.40000000000002
3886,65.10000000000002
3887,106.50000000000003
3888,82.50000000000001
3889,73.10000000000001
3890,55.70000000000002
3891,90.50000000000001
3892,95.70000000000002
3893,97.80000000000003
3894,73.80000000000001
3895,47.70000000000002
3896,82.50000000000001
3897,66.50000000000003
3898,105.80000000000003
3899,97.80000000000003
3900,82.50000000000001
3901,106.50000000000003
3902,64.40000000000002
3903,97.80000000000003
3904,74.50000000000001
3905,103.00000000000001
3906,87.70000000000002
3907,81.10000000000002
3908,105.80000000000003
3909,98.50000000000003
3910,75.20000000000003
3911,97.80000000000001
3912,75.20000000000002
3913,105.10000000000002
3914,75.20000000000002
3915,88.40000000000002
3916,87.00000000000001
3917,91.20000000000002
3918,58.50000000000001
3919,88.40000000000002
3920,80.4
3921,80.40000000000002
3922,58.500000000000014
3923,73.80000000000003
3924,81.80000000000003
3925,77.60000000000001
3926,80.40000000000002
3927,71.7
3928,106.50000000000001
3929,79.70000000000002
3930,80.40000000000003
3931,82.50000000000003
3932,82.50000000000003
3933,96.40000000000003
3934,55.70000000000002
3935,96.40000000000002
3936,89.10000000000002
3937,121.10000000000002
3938,80.40000000000003
3939,65.10000000000002
3940,95.70000000000002
3941,97.10000000000002
3942,71.7
3943,57.800000000000004
3944,65.80000000000003
3945,113.10000000000002
3946,55.7
3947,120.40000000000002
3948,89.10000000000002
3949,97.80000000000001
3950,111.70000000000002
3951,87.70000000000002
3952,98.50000000000003
3953,57.800000000000004
3954,105.80000000000003
3955,97.10000000000002
3956,88.40000000000002
3957,64.4
3958,74.50000000000003
3959,104.40000000000002
3960,97.10000000000002
3961,65.10000000000001
3962,79.00000000000001
3963,72.4
3964,98.50000000000003
3965,71.70000000000002
3966,67.20000000000002
3967,96.40000000000002
3968,83.20000000000002
3969,105.80000000000001
3970,89.10000000000002
3971,98.50000000000001
3972,82.50000000000001
3973,81.80000000000003
3974,98.50000000000003
3975,104.40000000000002
3976,73.80000000000003
3977,105.10000000000002
3978,67.90000000000002
3979,74.50000000000003
3980,107.20000000000002
3981,87.70000000000002
3982,73.80000000000003
3983,89.10000000000002
3984,81.80000000000001
3985,80.40000000000002
3986,89.10000000000002
3987,89.80000000000003
3988,59.20000000000002
3989,97.10000000000002
3990,65.10000000000001
3991,71.00000000000003
3992,105.80000000000003
3993,79.70000000000002
3994,145.8
3995,97.80000000000003
3996,80.40000000000002
3997,97.10000000000002
3998,91.20000000000002
3999,56.40000000000002
4000,121.80000000000004
4001,81.80000000000003
4002,82.50000000000001
4003,65.80000000000001
4004,64.40000000000002
4005,97.10000000000002
4006,106.50000000000003
4007,41.80000000000001
4008,105.80000000000003
4009,81.80000000000003
4010,68.2
4011,97.80000000000003
4012,104.40000000000002
4013,49.80000000000002
4014,90.50000000000003
4015,122.50000000000003
4016,97.10000000000002
4017,106.50000000000003
4018,48.400000000000006
4019,98.50000000000003
4020,82.50000000000001
4021,81.80000000000001
4022,79.70000000000002
4023,95.70000000000002
4024,73.80000000000001
4025,98.50000000000003
4026,98.50000000000003
4027,87.00000000000001
4028,59.90000000000002
4029,89.10000000000002
4030,96.40000000000002
4031,74.50000000000001
4032,48.39999999999999
4033,113.10000000000002
4034,71.7
4035,57.80000000000002
4036,89.10000000000002
4037,66.50000000000001
4038,89.80000000000003
4039,83.20000000000002
4040,64.4
4041,74.50000000000001
4042,81.10000000000002
4043,74.50000000000001
4044,71.70000000000002
4045,73.10000000000001
4046,74.50000000000003
4047,105.10000000000002
4048,66.50000000000003
4049,105.10000000000002
4050,65.10000000000002
4051,73.80000000000003
4052,90.50000000000001
4053,55.00000000000001
4054,104.40000000000003
4055,56.40000000000001
4056,89.80000000000004
4057,122.50000000000003
4058,57.10000000000001
4059,81.80000000000001
4060,80.40000000000002
4061,58.5
4062,73.80000000000003
4063,73.10000000000002
4064,111.70000000000002
4065,73.10000000000002
4066,88.4
4067,90.50000000000001
4068,75.20000000000002
4069,73.10000000000001
4070,65.80000000000001
4071,89.10000000000002
4072,97.80000000000004
4073,74.50000000000001
4074,89.80000000000003
4075,114.50000000000003
4076,64.40000000000002
4077,81.80000000000003
4078,104.40000000000002
4079,114.50000000000003
4080,123.90000000000003
4081,104.40000000000002
4082,74.50000000000003
4083,86.30000000000001
4084,104.40000000000002
4085,74.50000000000003
4086,112.40000000000003
4087,89.80000000000004
4088,82.50000000000001
4089,73.10000000000002
4090,82.50000000000003
4091,106.50000000000003
4092,55.000000000000014
4093,114.50000000000003
4094,97.10000000000002
4095,103.70000000000002
4096,89.10000000000002
4097,72.40000000000002
4098,82.50000000000003
4099,113.10000000000002
4100,64.4
4101,113.10000000000002
4102,115.20000000000002
4103,72.40000000000002
4104,73.10000000000002
4105,98.50000000000001
4106,114.50000000000003
4107,90.50000000000003
4108,56.40000000000001
4109,65.80000000000003
4110,89.10000000000002
4111,89.80000000000003
4112,66.50000000000003
4113,71.00000000000001
4114,114.50000000000003
4115,81.80000000000003
4116,71.70000000000002
4117,96.40000000000002
4118,91.20000000000003
4119,113.80000000000003
4120,81.80000000000001
4121,82.50000000000001
4122,98.50000000000001
4123,65.10000000000002
4124,64.40000000000002
4125,64.40000000000002
4126,81.10000000000002
4127,81.80000000000003
4128,66.50000000000001
4129,106.50000000000003
4130,87.00000000000001
4131,105.10000000000002
4132,73.10000000000002
4133,105.10000000000002
4134,65.80000000000001
4135,47.00000000000001
4136,81.10000000000001
4137,113.80000000000003
4138,106.50000000000003
4139,89.80000000000003
4140,114.50000000000003
4141,70.30000000000001
4142,50.50000000000002
4143,98.50000000000003
4144,105.80000000000003
4145,89.10000000000002
4146,58.500000000000014
4147,98.50000000000003
4148,89.80000000000003
4149,81.80000000000003
4150,104.40000000000002
4151,79.00000000000001
4152,63.000000000000014
4153,87.70000000000002
4154,88.40000000000002
4155,106.50000000000003
4156,82.50000000000003
4157,73.10000000000002
4158,112.40000000000002
4159,112.40000000000003
4160,105.80000000000003
4161,81.80000000000003
4162,81.10000000000002
4163,81.80000000000003
4164,62.30000000000001
4165,81.80000000000003
4166,104.40000000000002
4167,90.50000000000001
4168,65.10000000000002
4169,70.30000000000001
4170,87.00000000000001
4171,81.10000000000002
4172,81.80000000000001
4173,65.10000000000002
4174,97.10000000000002
4175,105.10000000000002
4176,73.10000000000001
4177,89.80000000000003
4178,73.80000000000001
4179,98.50000000000001
4180,121.10000000000002
4181,73.10000000000001
4182,73.80000000000003
4183,89.10000000000002
4184,98.50000000000003
4185,73.10000000000002
4186,104.40000000000002
4187,70.30000000000001
4188,64.4
4189,104.40000000000002
4190,79.70000000000002
4191,73.80000000000003
4192,137.8
4193,57.100000000000016
4194,98.50000000000003
4195,106.50000000000003
4196,98.50000000000003
4197,113.80000000000003
4198,97.80000000000001
4199,56.40000000000001
4200,72.4
4201,72.40000000000003
4202,80.40000000000002
4203,47.00000000000001
4204,66.50000000000003
4205,111.70000000000002
4206,113.10000000000001
4207,57.80000000000001
4208,89.80000000000001
4209,66.50000000000001
4210,73.10000000000002
4211,105.10000000000002
4212,114.50000000000003
4213,65.80000000000001
4214,80.40000000000002
4215,95.70000000000002
4216,81.80000000000003
4217,73.80000000000001
4218,104.40000000000002
4219,98.50000000000001
4220,57.100000000000016
4221,86.30000000000001
4222,81.10000000000004
4223,81.10000000000002
4224,74.50000000000001
4225,129.8
4226,105.80000000000001
4227,89.80000000000003
4228,88.40000000000002
4229,65.80000000000003
4230,96.40000000000002
4231,97.10000000000002
4232,65.10000000000002
4233,65.80000000000003
4234,113.80000000000003
4235,65.80000000000003
4236,81.80000000000004
4237,71.70000000000002
4238,65.80000000000001
4239,65.10000000000001
4240,80.4
4241,89.10000000000002
4242,89.80000000000003
4243,105.10000000000002
4244,80.40000000000002
4245,80.40000000000002
4246,94.30000000000001
4247,98.50000000000003
4248,86.30000000000001
4249,87.70000000000002
4250,74.50000000000001
4251,97.10000000000002
4252,49.800000000000004
4253,91.20000000000002
4254,73.10000000000001
4255,74.50000000000001
4256,96.40000000000002
4257,97.80000000000004
4258,95.70000000000002
4259,104.40000000000002
4260,91.20000000000003
4261,107.20000000000003
4262,79.70000000000002
4263,62.30000000000001
4264,89.80000000000003
4265,111.70000000000003
4266,81.10000000000002
4267,105.80000000000003
4268,97.10000000000004
4269,64.40000000000002
4270,73.10000000000002
4271,97.10000000000001
4272,66.5
4273,41.1
4274,64.40000000000002
4275,81.10000000000004
4276,81.10000000000002
4277,105.80000000000003
4278,113.80000000000003
4279,113.10000000000002
4280,57.800000000000026
4281,40.400000000000006
4282,75.20000000000002
4283,97.80000000000003
4284,89.80000000000003
4285,80.40000000000003
4286,74.50000000000003
4287,58.50000000000003
4288,95.70000000000002
4289,73.80000000000001
4290,73.80000000000001
4291,113.10000000000002
4292,103.70000000000002
4293,106.50000000000003
4294,90.50000000000001
4295,97.10000000000002
4296,79.7
4297,98.50000000000003
4298,87.70000000000002
4299,71.70000000000002
4300,121.80000000000003
4301,58.50000000000001
4302,53.600000000000016
4303,63.000000000000014
4304,105.80000000000003
4305,122.50000000000003
4306,87.00000000000001
4307,81.10000000000002
4308,104.40000000000002
4309,49.80000000000001
4310,98.50000000000003
4311,113.80000000000003
4312,103.70000000000002
4313,81.80000000000003
4314,73.10000000000002
4315,121.80000000000003
4316,97.80000000000003
4317,89.10000000000002
4318,97.80000000000003
4319,87.70000000000003
4320,66.50000000000001
4321,105.10000000000004
4322,97.10000000000002
4323,65.80000000000001
4324,89.80000000000001
4325,73.80000000000001
4326,104.40000000000002
4327,56.40000000000001
4328,85.60000000000001
4329,130.50000000000003
4330,79.70000000000002
4331,112.40000000000002
4332,89.80000000000003
4333,47.70000000000001
4334,79.70000000000002
4335,98.50000000000003
4336,105.80000000000003
4337,99.20000000000002
4338,56.40000000000003
4339,127.70000000000002
4340,41.1
4341,88.40000000000002
4342,81.10000000000002
4343,88.4
4344,80.4
4345,111.00000000000001
4346,96.40000000000003
4347,97.80000000000001
4348,65.80000000000003
4349,66.50000000000003
4350,105.80000000000004
4351,90.50000000000001
4352,105.80000000000003
4353,103.7
4354,94.30000000000001
4355,71.70000000000002
4356,74.50000000000001
4357,97.80000000000003
4358,87.00000000000001
4359,67.20000000000003
4360,84.2
4361,63.00000000000001
4362,87.00000000000001
4363,97.80000000000003
4364,80.40000000000002
4365,106.50000000000001
4366,81.80000000000001
4367,65.10000000000001
4368,58.5
4369,97.10000000000002
4370,105.10000000000002
4371,64.4
4372,90.50000000000003
4373,72.40000000000002
4374,73.10000000000002
4375,89.10000000000002
4376,67.20000000000002
4377,98.50000000000003
4378,81.10000000000002
4379,81.10000000000002
4380,105.80000000000003
4381,104.40000000000003
4382,57.1
4383,72.4
4384,90.50000000000003
4385,74.50000000000003
4386,105.10000000000002
4387,80.40000000000002
4388,98.50000000000003
4389,97.10000000000002
4390,89.80000000000003
4391,87.70000000000002
4392,121.80000000000003
4393,128.40000000000003
4394,48.400000000000006
4395,105.80000000000003
4396,57.800000000000026
4397,95.00000000000001
4398,73.80000000000003
4399,65.10000000000001
4400,97.80000000000003
4401,59.20000000000003
4402,97.10000000000001
4403,85.60000000000002
4404,89.10000000000001
4405,99.20000000000003
4406,104.40000000000002
4407,79.70000000000002
4408,88.40000000000002
4409,105.80000000000003
4410,65.10000000000004
4411,82.50000000000003
4412,82.50000000000003
4413,104.40000000000003
4414,113.80000000000003
4415,97.10000000000002
4416,97.80000000000001
4417,97.10000000000002
4418,105.10000000000002
4419,89.80000000000001
4420,103.70000000000002
4421,55.70000000000002
4422,97.10000000000002
4423,123.20000000000002
4424,115.20000000000003
4425,83.20000000000003
4426,104.40000000000002
4427,79.00000000000001
4428,96.40000000000003
4429,72.40000000000003
4430,82.50000000000003
4431,73.80000000000003
4432,111.00000000000001
4433,82.50000000000003
4434,95.00000000000001
4435,66.5
4436,73.80000000000001
4437,63.00000000000003
4438,104.40000000000002
4439,107.20000000000003
4440,80.40000000000002
4441,114.50000000000003
4442,97.80000000000003
4443,57.1
4444,89.10000000000002
4445,113.80000000000003
4446,98.50000000000003
4447,99.90000000000003
4448,106.50000000000003
4449,113.10000000000002
4450,105.10000000000004
4451,83.90000000000002
4452,98.50000000000001
4453,105.10000000000002
4454,81.80000000000001
4455,104.40000000000002
4456,51.2
4457,89.10000000000002
4458,114.50000000000003
4459,106.50000000000003
4460,66.50000000000001
4461,73.80000000000003
4462,63.70000000000002
4463,120.40000000000002
4464,113.80000000000003
4465,79.70000000000002
4466,87.00000000000001
4467,95.70000000000002
4468,57.10000000000001
4469,50.50000000000002
4470,99.90000000000003
4471,88.40000000000002
4472,113.10000000000002
4473,72.40000000000003
4474,47.0
4475,56.400000000000006
4476,95.70000000000002
4477,80.40000000000002
4478,65.80000000000003
4479,25.799999999999997
4480,97.80000000000003
4481,73.10000000000002
4482,120.40000000000003
4483,65.80000000000003
4484,89.10000000000002
4485,83.20000000000002
4486,90.50000000000003
4487,114.50000000000003
4488,112.40000000000002
4489,89.10000000000002
4490,89.10000000000002
4491,90.50000000000003
4492,63.70000000000002
4493,96.40000000000002
4494,81.80000000000004
4495,114.50000000000003
4496,47.7
4497,113.10000000000004
4498,80.4
4499,107.90000000000003
4500,113.10000000000002
4501,111.70000000000003
4502,58.50000000000002
4503,89.80000000000003
4504,99.20000000000002
4505,90.50000000000003
4506,80.40000000000002
4507,86.30000000000001
4508,95.70000000000003
4509,73.10000000000002
4510,97.80000000000003
4511,89.10000000000002
4512,66.50000000000003
4513,89.10000000000002
4514,55.7
4515,70.3
4516,97.80000000000001
4517,81.80000000000001
4518,71.70000000000002
4519,81.80000000000003
4520,65.80000000000001
4521,89.10000000000002
4522,65.10000000000001
4523,80.40000000000002
4524,79.70000000000002
4525,97.10000000000002
4526,96.40000000000002
4527,79.00000000000001
4528,40.4
4529,98.50000000000001
4530,67.90000000000003
4531,81.80000000000003
4532,81.80000000000003
4533,98.50000000000003
4534,105.10000000000002
4535,97.80000000000003
4536,89.10000000000002
4537,66.50000000000003
4538,81.80000000000003
4539,82.50000000000001
4540,89.80000000000003
4541,99.20000000000002
4542,74.50000000000001
4543,57.1
4544,95.70000000000002
4545,112.40000000000002
4546,41.800000000000004
4547,72.40000000000002
4548,73.10000000000001
4549,42.50000000000002
4550,64.40000000000002
4551,105.80000000000003
4552,73.80000000000003
4553,50.50000000000003
4554,81.80000000000003
4555,79.70000000000003
4556,82.50000000000003
4557,114.50000000000003
4558,97.80000000000003
4559,87.70000000000002
4560,105.10000000000002
4561,81.80000000000001
4562,64.4
4563,97.80000000000004
4564,89.10000000000001
4565,58.50000000000001
4566,83.20000000000003
4567,80.40000000000002
4568,97.80000000000003
4569,82.50000000000003
4570,80.40000000000002
4571,96.40000000000002
4572,103.00000000000001
4573,87.70000000000002
4574,98.50000000000001
4575,89.10000000000002
4576,69.60000000000001
4577,87.70000000000002
4578,87.70000000000002
4579,74.50000000000003
4580,97.80000000000003
4581,90.50000000000003
4582,87.70000000000002
4583,97.80000000000003
4584,80.40000000000003
4585,97.10000000000002
4586,63.00000000000003
4587,82.50000000000003
4588,113.80000000000003
4589,53.60000000000001
4590,72.4
4591,105.80000000000003
4592,72.4
4593,96.40000000000002
4594,96.40000000000002
4595,105.80000000000003
4596,90.50000000000003
4597,49.10000000000001
4598,64.4
4599,89.80000000000003
4600,83.20000000000002
4601,80.40000000000002
4602,63.000000000000014
4603,74.50000000000001
4604,73.10000000000002
4605,105.10000000000002
4606,81.10000000000001
4607,89.10000000000004
4608,80.40000000000003
4609,114.50000000000003
4610,97.80000000000003
4611,89.10000000000002
4612,81.10000000000002
4613,87.70000000000002
4614,91.20000000000003
4615,112.40000000000002
4616,106.50000000000003
4617,97.10000000000002
4618,111.00000000000001
4619,75.20000000000003
4620,49.10000000000001
4621,81.10000000000002
4622,121.80000000000004
4623,87.70000000000002
4624,104.40000000000002
4625,49.800000000000004
4626,111.70000000000002
4627,89.10000000000002
4628,107.90000000000003
4629,64.40000000000002
4630,73.80000000000001
4631,122.50000000000003
4632,98.50000000000003
4633,113.80000000000003
4634,63.70000000000001
4635,72.40000000000002
4636,82.50000000000003
4637,121.10000000000002
4638,73.10000000000001
4639,72.4
4640,66.50000000000003
4641,81.10000000000001
4642,79.00000000000001
4643,65.80000000000001
4644,89.10000000000002
4645,95.00000000000001
4646,73.10000000000002
4647,71.70000000000002
4648,73.10000000000002
4649,73.10000000000001
4650,97.10000000000002
4651,97.80000000000003
4652,73.80000000000001
4653,87.70000000000002
4654,81.80000000000003
4655,75.20000000000002
4656,73.80000000000001
4657,90.50000000000001
4658,82.50000000000001
4659,81.10000000000002
4660,113.10000000000002
4661,63.70000000000002
4662,80.40000000000002
4663,113.10000000000002
4664,58.50000000000002
4665,88.40000000000002
4666,97.80000000000001
4667,105.80000000000003
4668,41.1
4669,97.80000000000003
4670,80.40000000000002
4671,71.70000000000002
4672,89.80000000000003
4673,65.10000000000001
4674,81.10000000000001
4675,80.40000000000002
4676,81.10000000000002
4677,96.40000000000002
4678,87.70000000000002
4679,73.80000000000003
4680,75.20000000000003
4681,90.50000000000003
4682,105.10000000000002
4683,105.10000000000002
4684,105.10000000000002
4685,106.50000000000003
4686,98.50000000000003
4687,146.50000000000003
4688,105.10000000000002
4689,71.7
4690,65.80000000000001
4691,65.80000000000001
4692,106.50000000000001
4693,74.50000000000001
4694,87.70000000000002
4695,82.50000000000001
4696,96.40000000000002
4697,103.70000000000003
4698,90.50000000000003
4699,80.40000000000002
4700,100.90000000000002
4701,72.4
4702,103.00000000000001
4703,104.40000000000002
4704,97.80000000000001
4705,89.10000000000002
4706,89.80000000000003
4707,65.80000000000001
4708,131.20000000000005
4709,82.50000000000001
4710,83.20000000000002
4711,97.80000000000003
4712,96.4
4713,89.10000000000002
4714,88.40000000000002
4715,106.50000000000003
4716,97.10000000000002
4717,80.40000000000002
4718,99.20000000000002
4719,80.40000000000002
4720,57.1
4721,88.4
4722,120.40000000000002
4723,89.10000000000004
4724,82.5
4725,56.40000000000002
4726,72.4
4727,89.80000000000003
4728,74.50000000000001
4729,90.50000000000003
4730,81.80000000000001
4731,113.80000000000003
4732,98.50000000000001
4733,74.50000000000001
4734,74.50000000000001
4735,99.20000000000003
4736,88.40000000000002
4737,112.40000000000002
4738,96.40000000000002
4739,80.40000000000002
4740,81.10000000000002
4741,66.50000000000001
4742,83.20000000000002
4743,121.10000000000002
4744,113.80000000000003
4745,75.20000000000002
4746,145.1
4747,97.10000000000002
4748,99.20000000000003
4749,98.50000000000003
4750,58.50000000000002
4751,89.80000000000004
4752,65.10000000000002
4753,64.4
4754,105.80000000000003
4755,95.00000000000001
4756,72.40000000000002
4757,81.80000000000003
4758,87.70000000000002
4759,72.4
4760,74.50000000000001
4761,103.00000000000001
4762,104.40000000000002
4763,105.80000000000003
4764,113.80000000000003
4765,74.50000000000001
4766,90.50000000000001
4767,84.60000000000002
4768,81.10000000000002
4769,81.10000000000002
4770,89.80000000000004
4771,33.099999999999994
4772,113.10000000000002
4773,57.100000000000016
4774,86.30000000000001
4775,105.80000000000003
4776,74.50000000000001
4777,107.90000000000003
4778,81.80000000000003
4779,79.00000000000001
4780,83.90000000000002
4781,92.90000000000002
4782,106.50000000000001
4783,56.40000000000001
4784,82.50000000000001
4785,89.80000000000003
4786,65.10000000000001
4787,48.4
4788,106.50000000000003
4789,73.80000000000001
4790,96.40000000000002
4791,97.10000000000002
4792,66.5
4793,97.80000000000004
4794,113.10000000000002
4795,89.80000000000004
4796,75.20000000000003
4797,79.70000000000002
4798,96.40000000000002
4799,41.800000000000004
4800,113.80000000000001
4801,90.50000000000003
4802,104.40000000000002
4803,99.90000000000003
4804,112.4
4805,106.50000000000003
4806,90.50000000000001
4807,79.70000000000002
4808,65.80000000000001
4809,104.40000000000002
4810,89.10000000000002
4811,104.40000000000002
4812,80.40000000000002
4813,106.50000000000003
4814,114.50000000000003
4815,57.80000000000001
4816,97.10000000000002
4817,103.70000000000002
4818,84.60000000000002
4819,105.80000000000003
4820,97.10000000000002
4821,67.20000000000002
4822,70.30000000000001
4823,89.10000000000002
4824,91.20000000000003
4825,74.50000000000003
4826,81.80000000000003
4827,80.40000000000002
4828,95.70000000000002
4829,90.50000000000001
4830,89.80000000000001
4831,89.10000000000002
4832,71.0
4833,49.10000000000001
4834,80.40000000000002
4835,24.399999999999995
4836,89.80000000000001
4837,98.50000000000003
4838,89.80000000000001
4839,82.50000000000001
4840,89.80000000000003
4841,73.80000000000001
4842,113.80000000000003
4843,89.80000000000003
4844,67.90000000000003
4845,65.10000000000002
4846,79.70000000000002
4847,57.80000000000001
4848,49.100000000000016
4849,99.20000000000003
4850,106.50000000000003
4851,56.40000000000001
4852,72.4
4853,49.800000000000004
4854,98.50000000000003
4855,70.3
4856,88.40000000000002
4857,64.4
4858,71.70000000000002
4859,89.10000000000001
4860,89.80000000000003
4861,105.10000000000002
4862,65.80000000000003
4863,79.70000000000002
4864,57.100000000000016
4865,113.80000000000003
4866,71.70000000000002
4867,63.000000000000014
4868,97.10000000000002
4869,72.40000000000002
4870,81.80000000000003
4871,73.80000000000003
4872,107.20000000000003
4873,71.7
4874,49.1
4875,51.20000000000002
4876,107.90000000000003
4877,80.40000000000002
4878,73.10000000000001
4879,83.20000000000003
4880,64.40000000000002
4881,89.80000000000001
4882,65.80000000000001
4883,81.10000000000002
4884,72.40000000000002
4885,82.50000000000001
4886,95.70000000000002
4887,74.50000000000001
4888,97.10000000000002
4889,97.80000000000003
4890,113.80000000000003
4891,64.40000000000002
4892,89.80000000000003
4893,94.30000000000001
4894,90.50000000000003
4895,96.40000000000002
4896,99.20000000000005
4897,113.80000000000003
4898,114.50000000000003
4899,65.80000000000001
4900,14.999999999999996
4901,89.80000000000003
4902,81.80000000000001
4903,75.20000000000002
4904,81.80000000000003
4905,106.50000000000003
4906,74.50000000000003
4907,34.49999999999999
4908,80.40000000000002
4909,88.40000000000002
4910,123.20000000000003
4911,81.10000000000002
4912,89.80000000000003
4913,79.00000000000001
4914,98.50000000000003
4915,81.80000000000001
4916,111.70000000000002
4917,80.40000000000002
4918,106.50000000000003
4919,111.00000000000001
4920,82.50000000000001
4921,81.10000000000002
4922,80.40000000000002
4923,71.00000000000001
4924,79.70000000000003
4925,64.4
4926,66.50000000000001
4927,87.70000000000002
4928,99.90000000000003
4929,81.80000000000003
4930,41.80000000000002
4931,55.70000000000002
4932,81.80000000000003
4933,50.50000000000001
4934,89.80000000000003
4935,89.80000000000003
4936,104.40000000000002
4937,57.800000000000026
4938,66.5
4939,89.10000000000002
4940,80.4
4941,97.10000000000002
4942,74.50000000000003
4943,65.10000000000001
4944,97.80000000000003
4945,94.30000000000001
4946,96.40000000000002
4947,82.50000000000003
4948,56.400000000000006
4949,73.10000000000002
4950,81.10000000000002
4951,88.40000000000003
4952,96.40000000000002
4953,64.40000000000002
4954,96.40000000000002
4955,89.10000000000002
4956,64.40000000000002
4957,71.00000000000001
4958,57.10000000000001
4959,105.10000000000002
4960,73.10000000000004
4961,59.200000000000024
4962,65.80000000000001
4963,33.099999999999994
4964,91.20000000000003
4965,113.80000000000003
4966,79.00000000000001
4967,111.70000000000002
4968,64.40000000000002
4969,96.40000000000002
4970,81.80000000000001
4971,130.50000000000003
4972,65.10000000000002
4973,97.10000000000002
4974,89.10000000000002
4975,95.70000000000002
4976,115.90000000000003
4977,105.80000000000003
4978,89.10000000000002
4979,89.80000000000003
4980,81.80000000000003
4981,105.10000000000004
4982,99.90000000000003
4983,74.50000000000003
4984,105.10000000000002
4985,105.10000000000002
4986,93.60000000000001
4987,98.50000000000003
4988,119.00000000000001
4989,55.000000000000014
4990,73.80000000000001
4991,98.50000000000001
4992,63.70000000000002
4993,90.50000000000001
4994,87.70000000000002
4995,144.4
4996,97.80000000000003
4997,73.10000000000002
4998,49.800000000000026
4999,73.10000000000002
5000,72.40000000000002
