episode,total_reward
1,102.70000000000003
2,37.99999999999999
3,86.00000000000003
4,38.699999999999996
5,66.50000000000001
6,99.90000000000002
7,78.70000000000002
8,102.00000000000004
9,46.700000000000024
10,106.50000000000003
11,102.70000000000005
12,65.80000000000001
13,100.60000000000002
14,46.70000000000002
15,113.80000000000003
16,82.50000000000003
17,59.200000000000024
18,99.20000000000003
19,67.20000000000002
20,66.50000000000003
21,75.20000000000002
22,55.40000000000001
23,63.000000000000014
24,96.40000000000002
25,72.40000000000002
26,105.80000000000003
27,74.50000000000003
28,105.10000000000002
29,89.10000000000002
30,82.50000000000001
31,29.29999999999999
32,98.50000000000001
33,81.10000000000002
34,25.799999999999994
35,106.50000000000003
36,102.70000000000005
37,61.300000000000026
38,83.20000000000002
39,105.10000000000002
40,90.50000000000001
41,115.90000000000003
42,51.199999999999996
43,65.80000000000003
44,65.80000000000003
45,36.6
46,73.10000000000002
47,74.50000000000001
48,115.20000000000003
49,59.20000000000001
50,90.50000000000001
51,68.60000000000002
52,83.20000000000005
53,58.50000000000001
54,75.90000000000003
55,66.50000000000003
56,89.80000000000003
57,76.60000000000002
58,65.80000000000003
59,104.40000000000002
60,94.70000000000003
61,64.80000000000003
62,67.90000000000002
63,80.4
64,98.50000000000003
65,114.50000000000003
66,100.60000000000004
67,89.80000000000003
68,91.90000000000002
69,59.20000000000002
70,70.70000000000003
71,80.80000000000004
72,102.70000000000005
73,89.80000000000001
74,52.60000000000001
75,106.50000000000003
76,74.50000000000001
77,83.20000000000002
78,83.20000000000003
79,89.10000000000001
80,74.50000000000003
81,99.20000000000003
82,129.8
83,67.20000000000002
84,92.60000000000004
85,83.20000000000003
86,88.40000000000002
87,65.10000000000002
88,85.30000000000001
89,76.60000000000004
90,82.50000000000001
91,91.90000000000003
92,81.10000000000002
93,91.20000000000003
94,83.20000000000002
95,82.50000000000001
96,75.20000000000003
97,94.70000000000005
98,99.90000000000002
99,72.80000000000003
100,65.80000000000001
101,98.50000000000003
102,106.50000000000003
103,98.50000000000001
104,59.20000000000001
105,89.80000000000001
106,83.20000000000002
107,73.80000000000003
108,80.80000000000004
109,82.50000000000003
110,33.8
111,51.900000000000006
112,59.200000000000024
113,82.50000000000003
114,82.50000000000003
115,67.90000000000003
116,67.20000000000003
117,91.90000000000003
118,100.60000000000002
119,115.20000000000002
120,82.50000000000003
121,81.80000000000001
122,46.000000000000036
123,67.20000000000002
124,72.80000000000004
125,83.90000000000003
126,81.10000000000001
127,98.50000000000003
128,59.200000000000024
129,99.90000000000003
130,73.80000000000003
131,85.30000000000003
132,52.600000000000016
133,106.50000000000003
134,65.10000000000002
135,42.50000000000001
136,61.30000000000001
137,65.10000000000001
138,90.50000000000003
139,64.40000000000002
140,75.90000000000003
141,68.60000000000001
142,48.80000000000002
143,57.10000000000002
144,44.60000000000002
145,84.60000000000004
146,99.20000000000003
147,58.5
148,65.80000000000003
149,67.20000000000002
150,72.80000000000003
151,83.20000000000002
152,75.20000000000002
153,99.20000000000003
154,81.10000000000002
155,83.20000000000003
156,38.0
157,72.10000000000005
158,107.90000000000003
159,82.50000000000003
160,76.60000000000002
161,87.00000000000001
162,74.50000000000001
163,60.600000000000016
164,106.50000000000003
165,105.10000000000002
166,77.30000000000004
167,32.79999999999999
168,101.30000000000004
169,49.8
170,122.50000000000001
171,65.80000000000001
172,75.20000000000002
173,78.7
174,115.20000000000003
175,47.40000000000001
176,40.80000000000001
177,115.20000000000003
178,67.20000000000002
179,72.40000000000002
180,107.20000000000003
181,89.80000000000003
182,113.80000000000003
183,64.80000000000004
184,56.400000000000006
185,67.20000000000002
186,104.40000000000002
187,80.40000000000002
188,73.10000000000002
189,50.50000000000002
190,107.20000000000002
191,106.50000000000003
192,51.2
193,105.10000000000002
194,79.40000000000005
195,106.50000000000003
196,91.20000000000002
197,107.20000000000002
198,59.900000000000006
199,56.40000000000002
200,98.50000000000003
201,90.50000000000001
202,113.80000000000003
203,72.10000000000001
204,51.20000000000001
205,91.20000000000002
206,59.200000000000024
207,52.6
208,114.50000000000003
209,89.80000000000003
210,48.40000000000002
211,97.10000000000002
212,95.70000000000003
213,134.00000000000003
214,75.20000000000002
215,65.80000000000003
216,90.50000000000001
217,89.10000000000002
218,106.50000000000003
219,86.00000000000003
220,35.199999999999996
221,97.80000000000003
222,51.20000000000003
223,104.80000000000004
224,91.20000000000002
225,67.20000000000002
226,49.1
227,72.10000000000002
228,76.60000000000002
229,49.800000000000026
230,101.30000000000004
231,83.20000000000002
232,78.00000000000003
233,113.80000000000001
234,91.20000000000003
235,71.70000000000002
236,88.4
237,83.90000000000002
238,54.700000000000024
239,90.50000000000003
240,74.50000000000003
241,54.00000000000005
242,74.50000000000003
243,49.1
244,89.80000000000003
245,63.7
246,67.20000000000003
247,106.50000000000003
248,97.80000000000003
249,74.50000000000003
250,75.20000000000003
251,57.800000000000004
252,99.20000000000003
253,56.40000000000003
254,105.80000000000003
255,62.700000000000024
256,74.50000000000001
257,91.90000000000002
258,62.00000000000004
259,66.50000000000001
260,99.90000000000002
261,99.90000000000002
262,74.50000000000003
263,71.70000000000002
264,82.50000000000003
265,75.20000000000002
266,36.60000000000001
267,74.50000000000001
268,75.20000000000003
269,99.20000000000002
270,89.80000000000001
271,81.10000000000002
272,99.20000000000003
273,81.10000000000002
274,76.60000000000002
275,98.50000000000001
276,98.50000000000003
277,81.10000000000002
278,139.9
279,50.500000000000014
280,91.20000000000002
281,78.00000000000004
282,75.90000000000002
283,88.4
284,66.50000000000001
285,59.20000000000003
286,58.50000000000003
287,66.50000000000003
288,87.70000000000002
289,92.60000000000004
290,76.60000000000002
291,65.80000000000001
292,107.20000000000003
293,75.90000000000002
294,91.20000000000003
295,107.20000000000002
296,74.50000000000003
297,122.50000000000003
298,85.30000000000004
299,68.60000000000001
300,99.20000000000002
301,74.50000000000001
302,113.80000000000003
303,46.00000000000002
304,74.50000000000001
305,112.10000000000002
306,130.50000000000003
307,74.50000000000001
308,62.00000000000002
309,105.80000000000003
310,113.80000000000004
311,58.500000000000014
312,78.00000000000004
313,81.80000000000003
314,48.10000000000001
315,81.10000000000004
316,90.50000000000003
317,56.100000000000016
318,40.80000000000001
319,84.60000000000004
320,78.00000000000003
321,90.50000000000003
322,82.50000000000003
323,106.50000000000003
324,98.50000000000003
325,90.50000000000003
326,99.20000000000003
327,63.000000000000014
328,51.90000000000002
329,57.100000000000016
330,73.80000000000003
331,65.80000000000001
332,64.80000000000001
333,65.10000000000002
334,91.20000000000002
335,87.7
336,90.50000000000001
337,56.80000000000003
338,89.10000000000002
339,80.4
340,24.79999999999999
341,83.90000000000002
342,67.20000000000003
343,105.10000000000002
344,86.00000000000001
345,89.10000000000001
346,72.40000000000002
347,94.70000000000003
348,66.50000000000001
349,99.20000000000003
350,67.20000000000002
351,105.10000000000002
352,69.30000000000001
353,83.20000000000002
354,59.90000000000003
355,65.80000000000003
356,78.00000000000001
357,123.20000000000003
358,121.80000000000003
359,93.30000000000004
360,78.00000000000003
361,105.80000000000003
362,75.90000000000003
363,103.70000000000002
364,91.20000000000003
365,81.10000000000002
366,48.800000000000004
367,65.80000000000003
368,50.5
369,61.30000000000001
370,107.20000000000003
371,89.80000000000003
372,96.80000000000004
373,75.20000000000003
374,75.90000000000002
375,89.10000000000001
376,105.80000000000003
377,82.50000000000003
378,106.50000000000003
379,115.20000000000003
380,50.50000000000002
381,67.90000000000002
382,90.50000000000003
383,115.20000000000003
384,83.20000000000002
385,73.80000000000003
386,67.20000000000002
387,99.20000000000003
388,97.80000000000003
389,90.50000000000003
390,97.10000000000002
391,51.90000000000001
392,66.5
393,90.50000000000003
394,71.40000000000002
395,91.20000000000003
396,64.80000000000004
397,54.00000000000004
398,99.20000000000003
399,89.80000000000003
400,82.50000000000003
401,73.10000000000004
402,83.20000000000002
403,98.50000000000003
404,66.50000000000001
405,74.50000000000003
406,67.90000000000002
407,62.30000000000001
408,73.10000000000001
409,91.90000000000002
410,62.000000000000014
411,57.10000000000001
412,69.30000000000004
413,74.50000000000001
414,73.80000000000001
415,90.50000000000001
416,105.10000000000002
417,51.900000000000006
418,39.400000000000006
419,60.60000000000001
420,59.20000000000003
421,65.80000000000003
422,56.80000000000001
423,106.50000000000001
424,81.80000000000003
425,52.60000000000004
426,89.80000000000003
427,61.30000000000002
428,48.10000000000003
429,104.4
430,65.80000000000003
431,104.40000000000002
432,58.50000000000002
433,91.20000000000003
434,64.80000000000004
435,138.5
436,82.50000000000001
437,72.80000000000001
438,83.20000000000002
439,81.80000000000003
440,50.50000000000003
441,89.10000000000002
442,97.80000000000003
443,81.80000000000003
444,97.10000000000001
445,84.60000000000002
446,79.40000000000002
447,90.50000000000001
448,80.80000000000004
449,41.8
450,83.20000000000002
451,98.50000000000003
452,82.50000000000003
453,73.10000000000001
454,50.50000000000002
455,83.20000000000002
456,62.70000000000002
457,75.90000000000002
458,82.50000000000001
459,43.200000000000024
460,88.4
461,90.50000000000001
462,86.70000000000003
463,74.50000000000001
464,105.80000000000003
465,73.80000000000003
466,66.50000000000003
467,50.5
468,122.50000000000003
469,75.20000000000003
470,83.9
471,73.80000000000003
472,90.50000000000003
473,104.40000000000002
474,90.50000000000001
475,89.80000000000003
476,107.20000000000003
477,72.80000000000004
478,62.70000000000002
479,90.50000000000003
480,91.20000000000002
481,67.20000000000003
482,50.50000000000002
483,106.50000000000003
484,88.40000000000002
485,65.80000000000001
486,75.20000000000003
487,80.4
488,67.2
489,95.70000000000002
490,70.00000000000003
491,82.50000000000003
492,91.20000000000002
493,111.70000000000002
494,73.80000000000001
495,114.50000000000003
496,67.20000000000002
497,69.30000000000004
498,97.10000000000001
499,62.70000000000003
500,89.80000000000003
501,74.50000000000001
502,56.800000000000026
503,84.60000000000004
504,100.2
505,67.90000000000002
506,89.80000000000003
507,83.90000000000003
508,72.10000000000002
509,98.50000000000003
510,83.90000000000002
511,58.50000000000003
512,59.20000000000002
513,69.30000000000004
514,66.50000000000003
515,91.20000000000003
516,75.20000000000002
517,97.80000000000003
518,44.600000000000016
519,107.20000000000003
520,74.50000000000001
521,81.10000000000001
522,67.20000000000002
523,83.90000000000003
524,90.50000000000003
525,50.500000000000014
526,43.2
527,46.70000000000002
528,106.50000000000001
529,18.5
530,67.20000000000003
531,81.80000000000003
532,83.20000000000002
533,58.50000000000002
534,66.50000000000003
535,82.50000000000003
536,99.20000000000003
537,66.50000000000001
538,42.50000000000002
539,46.00000000000001
540,95.70000000000002
541,91.20000000000003
542,72.80000000000004
543,73.10000000000001
544,83.20000000000003
545,83.20000000000003
546,61.30000000000004
547,110.70000000000005
548,73.10000000000002
549,73.80000000000003
550,130.5
551,107.90000000000003
552,57.80000000000001
553,94.70000000000003
554,113.10000000000002
555,90.50000000000003
556,70.00000000000004
557,43.900000000000006
558,103.70000000000002
559,57.80000000000001
560,97.80000000000001
561,71.40000000000002
562,75.2
563,98.50000000000003
564,100.60000000000002
565,82.50000000000001
566,59.90000000000003
567,81.80000000000001
568,65.80000000000003
569,111.40000000000003
570,88.40000000000002
571,82.50000000000003
572,91.90000000000002
573,91.90000000000003
574,91.90000000000002
575,59.200000000000024
576,32.8
577,110.70000000000003
578,99.20000000000002
579,123.20000000000003
580,107.90000000000003
581,93.30000000000003
582,76.60000000000004
583,88.80000000000003
584,57.10000000000001
585,66.50000000000003
586,71.70000000000002
587,93.30000000000004
588,116.60000000000004
589,84.60000000000004
590,87.40000000000003
591,105.80000000000003
592,41.800000000000004
593,75.20000000000003
594,90.50000000000003
595,90.50000000000003
596,62.000000000000014
597,83.90000000000002
598,91.20000000000003
599,115.20000000000003
600,72.80000000000003
601,77.30000000000004
602,101.30000000000004
603,83.9
604,81.10000000000002
605,72.40000000000002
606,105.80000000000003
607,80.80000000000003
608,83.20000000000003
609,99.20000000000002
610,76.60000000000002
611,70.0
612,83.90000000000002
613,72.80000000000003
614,114.50000000000003
615,99.90000000000003
616,64.10000000000002
617,105.80000000000001
618,74.50000000000004
619,97.80000000000001
620,115.20000000000003
621,72.80000000000003
622,56.100000000000016
623,38.70000000000003
624,75.20000000000002
625,90.50000000000003
626,83.90000000000003
627,91.20000000000002
628,106.50000000000003
629,99.20000000000002
630,86.00000000000004
631,58.50000000000003
632,115.20000000000003
633,46.700000000000045
634,73.80000000000001
635,104.10000000000005
636,124.60000000000004
637,84.60000000000001
638,83.90000000000002
639,40.800000000000004
640,50.50000000000003
641,92.60000000000002
642,96.10000000000004
643,65.10000000000002
644,115.90000000000003
645,98.50000000000001
646,29.299999999999997
647,70.0
648,80.80000000000003
649,89.80000000000003
650,58.50000000000002
651,99.90000000000002
652,113.80000000000003
653,50.50000000000003
654,74.50000000000001
655,73.10000000000002
656,48.80000000000003
657,82.50000000000001
658,122.50000000000003
659,90.50000000000003
660,81.80000000000003
661,70.00000000000004
662,58.500000000000014
663,88.40000000000002
664,99.90000000000003
665,99.90000000000003
666,91.90000000000003
667,82.50000000000003
668,40.1
669,75.20000000000002
670,86.70000000000003
671,74.50000000000003
672,65.80000000000001
673,83.20000000000002
674,46.000000000000036
675,81.10000000000002
676,28.599999999999998
677,99.90000000000003
678,99.90000000000003
679,49.80000000000001
680,113.80000000000004
681,122.50000000000003
682,98.50000000000003
683,82.50000000000003
684,73.10000000000002
685,107.90000000000003
686,81.80000000000003
687,99.20000000000002
688,99.90000000000005
689,78.00000000000003
690,43.2
691,78.00000000000001
692,104.40000000000002
693,55.70000000000001
694,59.200000000000024
695,68.60000000000002
696,67.90000000000002
697,89.80000000000003
698,66.5
699,98.50000000000003
700,75.90000000000003
701,75.90000000000002
702,98.50000000000003
703,99.20000000000002
704,99.20000000000003
705,56.80000000000003
706,83.90000000000003
707,65.80000000000003
708,73.80000000000003
709,81.10000000000002
710,52.60000000000002
711,70.7
712,75.90000000000003
713,59.200000000000024
714,107.90000000000003
715,91.90000000000002
716,101.30000000000004
717,82.50000000000001
718,49.80000000000001
719,98.50000000000003
720,96.40000000000002
721,64.80000000000001
722,89.10000000000002
723,104.40000000000002
724,83.90000000000002
725,107.90000000000003
726,41.800000000000004
727,83.20000000000002
728,58.500000000000014
729,75.90000000000002
730,49.80000000000001
731,60.60000000000001
732,51.199999999999996
733,113.10000000000002
734,64.40000000000002
735,49.800000000000004
736,81.80000000000001
737,107.20000000000003
738,71.40000000000005
739,103.70000000000002
740,96.40000000000002
741,40.100000000000016
742,77.30000000000004
743,90.50000000000003
744,90.50000000000001
745,107.90000000000002
746,97.10000000000002
747,105.10000000000004
748,74.50000000000001
749,75.90000000000002
750,99.20000000000003
751,37.999999999999986
752,81.10000000000002
753,106.50000000000001
754,89.80000000000001
755,122.50000000000003
756,113.10000000000002
757,101.30000000000004
758,106.50000000000001
759,82.50000000000001
760,73.80000000000001
761,49.80000000000001
762,82.50000000000001
763,66.50000000000003
764,73.10000000000001
765,96.40000000000002
766,48.80000000000002
767,78.00000000000004
768,75.90000000000002
769,80.40000000000002
770,65.10000000000001
771,98.50000000000003
772,80.40000000000002
773,75.20000000000002
774,49.80000000000001
775,81.80000000000003
776,48.400000000000006
777,107.90000000000002
778,57.100000000000016
779,84.60000000000002
780,87.70000000000002
781,77.30000000000003
782,97.10000000000002
783,43.9
784,99.90000000000003
785,82.50000000000003
786,65.80000000000003
787,82.50000000000001
788,96.80000000000004
789,75.20000000000002
790,89.80000000000003
791,89.10000000000002
792,80.80000000000003
793,73.8
794,72.40000000000002
795,66.50000000000001
796,90.50000000000001
797,113.80000000000003
798,99.20000000000003
799,90.50000000000003
800,51.20000000000001
801,105.80000000000003
802,74.50000000000003
803,58.50000000000002
804,83.20000000000003
805,90.50000000000003
806,97.80000000000003
807,82.50000000000001
808,105.80000000000001
809,97.10000000000002
810,98.50000000000003
811,129.8
812,89.10000000000002
813,83.2
814,98.50000000000003
815,66.50000000000001
816,65.80000000000003
817,66.50000000000001
818,97.10000000000004
819,99.20000000000003
820,123.20000000000003
821,41.10000000000001
822,48.400000000000006
823,113.80000000000003
824,57.80000000000001
825,75.20000000000003
826,56.400000000000006
827,75.90000000000003
828,99.90000000000002
829,106.50000000000001
830,113.80000000000003
831,71.7
832,79.70000000000002
833,121.10000000000002
834,121.10000000000002
835,74.50000000000001
836,106.50000000000003
837,67.90000000000002
838,65.10000000000002
839,65.80000000000003
840,105.80000000000003
841,72.4
842,113.80000000000003
843,112.40000000000002
844,91.90000000000002
845,88.4
846,73.10000000000002
847,62.00000000000003
848,97.80000000000003
849,66.50000000000001
850,31.7
851,91.20000000000002
852,98.50000000000003
853,98.50000000000001
854,107.20000000000003
855,137.8
856,98.50000000000001
857,81.80000000000001
858,89.80000000000003
859,107.20000000000002
860,65.10000000000002
861,74.50000000000003
862,67.20000000000003
863,113.80000000000003
864,105.80000000000003
865,83.90000000000002
866,60.6
867,74.50000000000001
868,64.80000000000004
869,91.20000000000002
870,89.80000000000001
871,96.10000000000004
872,129.80000000000004
873,79.40000000000003
874,90.50000000000003
875,99.20000000000002
876,78.70000000000002
877,113.80000000000001
878,58.50000000000001
879,75.20000000000003
880,81.80000000000001
881,97.10000000000002
882,73.10000000000001
883,121.80000000000003
884,114.50000000000003
885,83.20000000000003
886,65.10000000000002
887,67.90000000000002
888,107.20000000000002
889,105.80000000000003
890,58.500000000000014
891,66.50000000000001
892,97.80000000000003
893,96.40000000000002
894,106.50000000000003
895,58.50000000000002
896,73.80000000000003
897,97.10000000000002
898,48.400000000000006
899,97.80000000000003
900,97.10000000000002
901,50.50000000000003
902,91.20000000000002
903,73.10000000000001
904,121.80000000000003
905,81.10000000000002
906,73.10000000000001
907,122.50000000000003
908,121.10000000000002
909,81.10000000000002
910,66.50000000000003
911,83.90000000000003
912,75.2
913,74.50000000000003
914,107.20000000000002
915,81.10000000000001
916,83.20000000000003
917,73.8
918,89.10000000000002
919,73.80000000000001
920,66.50000000000003
921,89.10000000000002
922,105.10000000000002
923,73.80000000000001
924,87.70000000000002
925,96.40000000000002
926,119.00000000000001
927,81.10000000000002
928,81.80000000000003
929,90.50000000000003
930,87.70000000000002
931,114.50000000000003
932,96.40000000000003
933,74.50000000000001
934,65.1
935,89.10000000000002
936,106.50000000000003
937,89.80000000000003
938,123.20000000000003
939,64.4
940,73.10000000000001
941,96.40000000000002
942,137.8
943,105.10000000000002
944,90.50000000000003
945,83.20000000000002
946,79.70000000000002
947,56.40000000000001
948,73.80000000000003
949,73.10000000000001
950,57.100000000000016
951,64.80000000000003
952,114.50000000000003
953,64.80000000000004
954,58.50000000000001
955,105.80000000000003
956,113.10000000000002
957,45.30000000000002
958,75.20000000000002
959,71.00000000000001
960,87.7
961,89.80000000000001
962,78.30000000000001
963,79.00000000000003
964,107.90000000000002
965,107.20000000000002
966,81.80000000000001
967,105.10000000000002
968,65.10000000000002
969,81.80000000000001
970,106.50000000000003
971,62.30000000000001
972,138.5
973,84.60000000000002
974,122.50000000000003
975,87.70000000000002
976,78.30000000000001
977,90.50000000000003
978,88.40000000000002
979,105.10000000000002
980,97.80000000000001
981,76.60000000000001
982,73.10000000000001
983,96.40000000000002
984,73.80000000000003
985,73.10000000000002
986,44.60000000000001
987,122.50000000000001
988,80.40000000000002
989,71.70000000000002
990,81.10000000000002
991,82.50000000000001
992,129.10000000000002
993,74.50000000000001
994,66.50000000000001
995,66.50000000000003
996,90.50000000000003
997,97.10000000000001
998,90.50000000000003
999,97.80000000000001
1000,97.10000000000002
1001,87.00000000000003
1002,98.50000000000003
1003,113.80000000000003
1004,69.60000000000001
1005,87.00000000000001
1006,46.99999999999999
1007,88.80000000000004
1008,87.70000000000002
1009,86.00000000000001
1010,105.80000000000001
1011,49.80000000000002
1012,57.80000000000002
1013,81.80000000000003
1014,135.70000000000002
1015,113.80000000000003
1016,81.80000000000003
1017,63.40000000000002
1018,87.70000000000002
1019,88.40000000000002
1020,114.50000000000003
1021,41.80000000000002
1022,87.70000000000002
1023,113.10000000000002
1024,87.7
1025,98.50000000000003
1026,83.2
1027,79.7
1028,89.80000000000003
1029,93.60000000000001
1030,65.10000000000001
1031,91.90000000000002
1032,57.80000000000001
1033,81.10000000000001
1034,105.10000000000002
1035,71.7
1036,63.70000000000002
1037,66.50000000000003
1038,87.00000000000001
1039,89.80000000000003
1040,79.70000000000002
1041,73.80000000000001
1042,98.50000000000003
1043,129.80000000000004
1044,65.10000000000002
1045,40.80000000000001
1046,102.30000000000001
1047,80.80000000000003
1048,77.30000000000004
1049,64.4
1050,113.10000000000001
1051,105.10000000000004
1052,57.100000000000016
1053,65.8
1054,66.50000000000001
1055,95.70000000000002
1056,82.50000000000001
1057,73.80000000000001
1058,119.00000000000001
1059,102.00000000000004
1060,89.80000000000001
1061,94.30000000000001
1062,63.70000000000002
1063,73.10000000000001
1064,102.30000000000001
1065,71.7
1066,95.0
1067,95.70000000000002
1068,94.30000000000001
1069,104.40000000000002
1070,66.50000000000001
1071,125.30000000000004
1072,74.50000000000001
1073,97.10000000000002
1074,64.40000000000002
1075,98.50000000000003
1076,113.80000000000003
1077,73.80000000000003
1078,74.50000000000003
1079,72.80000000000004
1080,105.10000000000002
1081,107.90000000000003
1082,71.70000000000002
1083,54.300000000000004
1084,97.10000000000002
1085,87.00000000000001
1086,38.70000000000002
1087,121.80000000000003
1088,65.10000000000001
1089,74.50000000000001
1090,73.10000000000002
1091,72.4
1092,64.80000000000004
1093,80.4
1094,113.80000000000003
1095,57.80000000000001
1096,88.40000000000002
1097,57.100000000000016
1098,72.40000000000002
1099,77.60000000000001
1100,90.50000000000003
1101,82.50000000000003
1102,106.50000000000003
1103,63.00000000000002
1104,65.10000000000002
1105,81.10000000000002
1106,62.30000000000001
1107,72.80000000000003
1108,87.70000000000002
1109,70.30000000000001
1110,76.9
1111,87.70000000000002
1112,71.70000000000002
1113,79.7
1114,79.70000000000002
1115,63.000000000000014
1116,57.10000000000001
1117,85.60000000000001
1118,87.70000000000002
1119,84.60000000000002
1120,45.6
1121,87.70000000000003
1122,84.60000000000004
1123,120.40000000000002
1124,49.80000000000002
1125,73.10000000000001
1126,110.30000000000001
1127,53.60000000000001
1128,75.20000000000002
1129,100.2
1130,62.30000000000001
1131,64.4
1132,68.20000000000002
1133,111.70000000000002
1134,63.700000000000024
1135,105.80000000000001
1136,105.10000000000002
1137,74.50000000000003
1138,64.40000000000002
1139,72.40000000000002
1140,72.4
1141,79.40000000000002
1142,104.40000000000002
1143,120.40000000000002
1144,78.00000000000004
1145,98.50000000000003
1146,81.10000000000001
1147,105.80000000000003
1148,96.40000000000002
1149,81.80000000000003
1150,87.70000000000002
1151,72.80000000000001
1152,86.30000000000001
1153,47.70000000000001
1154,78.30000000000001
1155,56.40000000000001
1156,71.70000000000002
1157,109.60000000000002
1158,24.799999999999994
1159,64.80000000000003
1160,88.4
1161,87.70000000000002
1162,94.30000000000001
1163,78.30000000000001
1164,69.60000000000001
1165,125.60000000000002
1166,80.4
1167,90.50000000000003
1168,97.10000000000002
1169,55.70000000000002
1170,70.30000000000001
1171,70.30000000000001
1172,85.60000000000001
1173,103.70000000000002
1174,86.30000000000001
1175,53.6
1176,79.70000000000002
1177,43.20000000000001
1178,105.10000000000002
1179,67.90000000000003
1180,104.40000000000002
1181,87.00000000000001
1182,73.10000000000001
1183,129.10000000000002
1184,122.50000000000003
1185,33.099999999999994
1186,129.8
1187,80.40000000000002
1188,102.30000000000001
1189,79.0
1190,135.70000000000002
1191,113.10000000000002
1192,81.10000000000002
1193,104.40000000000002
1194,71.70000000000002
1195,106.50000000000003
1196,97.10000000000002
1197,97.80000000000003
1198,80.4
1199,120.40000000000002
1200,87.40000000000003
1201,103.70000000000002
1202,74.50000000000001
1203,95.70000000000002
1204,120.40000000000002
1205,89.80000000000001
1206,95.40000000000003
1207,73.10000000000001
1208,76.60000000000002
1209,47.70000000000001
1210,55.7
1211,55.0
1212,119.00000000000001
1213,94.30000000000001
1214,78.30000000000001
1215,62.30000000000001
1216,56.80000000000002
1217,111.70000000000002
1218,86.30000000000001
1219,101.60000000000001
1220,65.10000000000002
1221,85.60000000000001
1222,86.30000000000001
1223,101.60000000000001
1224,94.30000000000001
1225,94.30000000000001
1226,93.60000000000002
1227,93.60000000000002
1228,47.0
1229,111.70000000000002
1230,102.30000000000001
1231,79.70000000000002
1232,69.60000000000001
1233,87.70000000000002
1234,47.70000000000002
1235,64.4
1236,85.60000000000001
1237,87.00000000000001
1238,54.30000000000001
1239,73.10000000000001
1240,78.30000000000001
1241,60.900000000000006
1242,70.3
1243,81.10000000000002
1244,62.30000000000001
1245,71.00000000000001
1246,77.60000000000001
1247,87.7
1248,86.3
1249,79.70000000000002
1250,79.00000000000001
1251,87.70000000000002
1252,80.40000000000002
1253,70.30000000000001
1254,39.0
1255,94.30000000000001
1256,95.70000000000002
1257,95.70000000000002
1258,82.50000000000001
1259,80.4
1260,87.00000000000001
1261,87.70000000000002
1262,87.70000000000002
1263,102.30000000000001
1264,116.90000000000002
1265,113.10000000000002
1266,47.7
1267,118.30000000000001
1268,106.50000000000001
1269,87.70000000000002
1270,92.90000000000002
1271,63.0
1272,49.80000000000001
1273,105.10000000000002
1274,66.50000000000001
1275,64.40000000000002
1276,83.20000000000003
1277,95.00000000000001
1278,71.00000000000001
1279,64.40000000000002
1280,54.300000000000004
1281,71.00000000000001
1282,105.80000000000003
1283,87.70000000000002
1284,93.60000000000002
1285,48.400000000000006
1286,72.4
1287,89.10000000000001
1288,73.10000000000002
1289,47.70000000000001
1290,84.60000000000002
1291,87.00000000000001
1292,81.10000000000002
1293,80.4
1294,83.20000000000003
1295,103.00000000000001
1296,67.20000000000003
1297,52.60000000000001
1298,51.90000000000002
1299,63.40000000000003
1300,88.80000000000004
1301,90.50000000000001
1302,41.80000000000002
1303,80.80000000000003
1304,114.50000000000003
1305,41.800000000000004
1306,99.20000000000002
1307,89.80000000000001
1308,89.80000000000003
1309,106.50000000000003
1310,99.90000000000002
1311,57.1
1312,73.80000000000003
1313,96.40000000000002
1314,114.50000000000003
1315,128.40000000000003
1316,75.90000000000002
1317,125.30000000000003
1318,81.80000000000003
1319,93.60000000000001
1320,87.00000000000001
1321,77.60000000000001
1322,70.30000000000001
1323,117.60000000000002
1324,97.10000000000001
1325,57.800000000000004
1326,101.60000000000001
1327,94.30000000000001
1328,87.0
1329,103.00000000000001
1330,91.20000000000003
1331,58.500000000000014
1332,114.50000000000003
1333,75.20000000000003
1334,60.600000000000016
1335,82.50000000000003
1336,99.20000000000002
1337,89.80000000000003
1338,79.7
1339,105.10000000000002
1340,96.40000000000002
1341,125.60000000000001
1342,98.50000000000003
1343,65.10000000000001
1344,79.70000000000002
1345,64.80000000000004
1346,73.80000000000001
1347,81.10000000000002
1348,55.7
1349,79.00000000000001
1350,62.30000000000001
1351,112.40000000000002
1352,89.10000000000001
1353,113.80000000000004
1354,70.3
1355,76.60000000000001
1356,87.70000000000002
1357,55.000000000000014
1358,53.60000000000001
1359,85.60000000000001
1360,82.50000000000001
1361,101.60000000000001
1362,70.30000000000001
1363,78.30000000000001
1364,66.50000000000001
1365,96.40000000000002
1366,39.699999999999996
1367,94.30000000000001
1368,110.30000000000001
1369,127.70000000000002
1370,63.400000000000034
1371,49.1
1372,94.30000000000001
1373,89.80000000000001
1374,79.70000000000002
1375,102.30000000000001
1376,81.10000000000002
1377,81.10000000000001
1378,46.300000000000004
1379,95.70000000000002
1380,103.70000000000002
1381,80.40000000000002
1382,15.699999999999996
1383,64.4
1384,79.0
1385,68.9
1386,87.7
1387,95.00000000000001
1388,111.70000000000002
1389,95.70000000000002
1390,89.80000000000001
1391,96.40000000000002
1392,73.80000000000003
1393,79.70000000000002
1394,50.500000000000014
1395,104.40000000000002
1396,57.10000000000001
1397,122.50000000000003
1398,88.4
1399,81.10000000000002
1400,73.10000000000002
1401,83.90000000000002
1402,16.799999999999994
1403,120.40000000000002
1404,48.4
1405,77.6
1406,94.30000000000001
1407,62.3
1408,95.70000000000002
1409,78.30000000000001
1410,103.00000000000001
1411,121.10000000000002
1412,69.60000000000001
1413,104.40000000000002
1414,55.7
1415,83.20000000000002
1416,111.00000000000001
1417,88.40000000000002
1418,71.00000000000001
1419,62.300000000000004
1420,111.00000000000001
1421,111.70000000000002
1422,87.70000000000002
1423,81.10000000000001
1424,47.00000000000001
1425,104.40000000000002
1426,90.50000000000001
1427,71.7
1428,95.70000000000002
1429,111.70000000000002
1430,80.4
1431,63.70000000000002
1432,86.30000000000001
1433,71.70000000000002
1434,54.300000000000004
1435,62.300000000000004
1436,86.30000000000003
1437,37.6
1438,65.80000000000001
1439,104.40000000000003
1440,73.80000000000003
1441,78.30000000000001
1442,88.40000000000002
1443,57.80000000000002
1444,47.7
1445,72.80000000000004
1446,54.300000000000004
1447,94.30000000000001
1448,111.70000000000002
1449,64.80000000000001
1450,61.60000000000001
1451,70.30000000000001
1452,85.60000000000001
1453,22.299999999999997
1454,47.7
1455,56.40000000000001
1456,62.30000000000002
1457,81.10000000000002
1458,77.60000000000001
1459,85.60000000000001
1460,67.90000000000002
1461,72.4
1462,94.30000000000001
1463,71.00000000000003
1464,72.40000000000002
1465,95.00000000000001
1466,87.70000000000002
1467,70.00000000000001
1468,81.80000000000001
1469,105.10000000000002
1470,97.80000000000001
1471,99.20000000000003
1472,97.10000000000002
1473,97.80000000000001
1474,97.80000000000003
1475,105.10000000000002
1476,81.10000000000001
1477,88.40000000000002
1478,125.60000000000002
1479,98.50000000000003
1480,81.10000000000002
1481,105.80000000000003
1482,134.3
1483,111.70000000000002
1484,64.4
1485,47.7
1486,47.0
1487,72.4
1488,81.10000000000002
1489,56.400000000000006
1490,71.70000000000002
1491,88.40000000000002
1492,88.40000000000002
1493,112.40000000000002
1494,81.10000000000002
1495,89.10000000000002
1496,97.10000000000002
1497,63.00000000000001
1498,51.20000000000002
1499,82.5
1500,83.20000000000003
1501,113.10000000000002
1502,78.30000000000001
1503,79.7
1504,71.00000000000001
1505,73.80000000000001
1506,116.90000000000002
1507,103.70000000000002
1508,60.900000000000006
1509,81.80000000000003
1510,92.2
1511,80.4
1512,67.20000000000002
1513,95.70000000000002
1514,82.50000000000001
1515,91.20000000000003
1516,106.50000000000003
1517,131.20000000000005
1518,105.80000000000003
1519,73.80000000000003
1520,55.00000000000001
1521,57.1
1522,65.10000000000002
1523,90.50000000000003
1524,82.50000000000001
1525,74.50000000000001
1526,91.20000000000003
1527,66.50000000000003
1528,91.20000000000003
1529,111.70000000000002
1530,65.80000000000003
1531,112.40000000000002
1532,95.7
1533,80.40000000000002
1534,96.40000000000002
1535,80.40000000000002
1536,71.00000000000001
1537,89.80000000000001
1538,73.10000000000002
1539,61.600000000000016
1540,87.70000000000002
1541,55.000000000000014
1542,82.50000000000003
1543,89.80000000000001
1544,89.80000000000003
1545,104.40000000000002
1546,61.60000000000001
1547,103.70000000000002
1548,87.00000000000001
1549,99.20000000000003
1550,104.40000000000003
1551,83.20000000000002
1552,57.80000000000001
1553,59.20000000000002
1554,57.80000000000001
1555,88.40000000000002
1556,63.70000000000002
1557,79.70000000000002
1558,73.80000000000003
1559,65.80000000000001
1560,113.10000000000002
1561,88.40000000000003
1562,105.10000000000002
1563,93.30000000000004
1564,72.40000000000002
1565,65.10000000000001
1566,66.50000000000003
1567,98.50000000000003
1568,98.50000000000003
1569,88.4
1570,87.70000000000002
1571,49.100000000000016
1572,61.30000000000001
1573,115.20000000000003
1574,97.80000000000001
1575,41.80000000000001
1576,61.30000000000004
1577,105.80000000000001
1578,60.60000000000003
1579,71.7
1580,56.80000000000002
1581,91.20000000000003
1582,96.40000000000002
1583,59.20000000000002
1584,104.40000000000002
1585,111.70000000000003
1586,107.20000000000002
1587,66.50000000000001
1588,79.70000000000002
1589,56.40000000000001
1590,66.50000000000003
1591,63.000000000000014
1592,105.80000000000001
1593,97.10000000000004
1594,80.40000000000002
1595,42.5
1596,71.70000000000002
1597,83.20000000000002
1598,97.10000000000004
1599,111.70000000000002
1600,65.10000000000001
1601,47.000000000000014
1602,107.20000000000003
1603,42.5
1604,97.10000000000002
1605,88.40000000000002
1606,131.20000000000005
1607,50.5
1608,73.80000000000003
1609,98.50000000000003
1610,83.20000000000002
1611,121.80000000000003
1612,64.40000000000002
1613,122.50000000000003
1614,67.20000000000003
1615,113.80000000000003
1616,73.80000000000001
1617,89.80000000000003
1618,57.80000000000002
1619,139.20000000000002
1620,105.10000000000002
1621,41.10000000000001
1622,72.10000000000004
1623,97.10000000000002
1624,91.20000000000002
1625,58.500000000000014
1626,67.20000000000002
1627,82.50000000000003
1628,72.40000000000002
1629,98.50000000000003
1630,75.90000000000002
1631,112.40000000000002
1632,113.80000000000003
1633,98.50000000000004
1634,99.20000000000002
1635,99.90000000000003
1636,97.10000000000002
1637,91.20000000000002
1638,83.90000000000002
1639,89.80000000000003
1640,99.90000000000003
1641,75.90000000000003
1642,56.40000000000001
1643,72.40000000000002
1644,94.30000000000001
1645,121.10000000000002
1646,91.20000000000003
1647,92.60000000000002
1648,113.80000000000003
1649,75.20000000000003
1650,115.20000000000003
1651,89.80000000000003
1652,83.20000000000002
1653,81.10000000000001
1654,64.40000000000002
1655,75.20000000000002
1656,90.50000000000001
1657,99.90000000000002
1658,99.20000000000003
1659,91.90000000000002
1660,106.50000000000003
1661,89.10000000000002
1662,99.20000000000003
1663,65.80000000000001
1664,72.40000000000002
1665,115.20000000000002
1666,107.20000000000003
1667,97.80000000000003
1668,80.80000000000003
1669,99.90000000000003
1670,49.800000000000004
1671,66.50000000000003
1672,67.20000000000003
1673,99.90000000000002
1674,107.20000000000003
1675,47.7
1676,76.9
1677,65.8
1678,114.50000000000003
1679,65.80000000000001
1680,103.00000000000001
1681,89.80000000000001
1682,90.50000000000003
1683,83.20000000000002
1684,81.10000000000002
1685,120.40000000000002
1686,90.50000000000003
1687,91.20000000000002
1688,89.10000000000001
1689,88.40000000000002
1690,49.8
1691,69.60000000000001
1692,87.70000000000002
1693,85.60000000000001
1694,62.30000000000001
1695,86.30000000000001
1696,118.30000000000001
1697,45.6
1698,79.70000000000002
1699,78.30000000000001
1700,87.70000000000002
1701,90.50000000000001
1702,71.7
1703,102.30000000000001
1704,129.8
1705,89.80000000000003
1706,82.50000000000001
1707,112.40000000000002
1708,49.80000000000001
1709,130.50000000000003
1710,48.4
1711,80.4
1712,89.10000000000002
1713,80.40000000000002
1714,72.80000000000003
1715,72.40000000000002
1716,103.70000000000002
1717,71.70000000000002
1718,112.40000000000002
1719,121.10000000000002
1720,75.20000000000002
1721,71.00000000000001
1722,81.80000000000003
1723,56.800000000000004
1724,97.80000000000003
1725,90.50000000000003
1726,79.70000000000002
1727,74.50000000000003
1728,59.20000000000001
1729,103.00000000000001
1730,98.50000000000001
1731,73.80000000000003
1732,105.80000000000003
1733,82.50000000000003
1734,91.20000000000003
1735,98.50000000000001
1736,105.10000000000002
1737,97.80000000000003
1738,81.10000000000002
1739,115.20000000000003
1740,75.20000000000003
1741,97.10000000000002
1742,76.60000000000002
1743,98.50000000000003
1744,114.50000000000003
1745,91.20000000000003
1746,91.20000000000003
1747,60.60000000000002
1748,65.10000000000001
1749,81.80000000000003
1750,87.7
1751,91.90000000000002
1752,66.50000000000003
1753,73.80000000000001
1754,80.4
1755,66.50000000000001
1756,91.20000000000003
1757,75.20000000000003
1758,87.7
1759,86.30000000000001
1760,81.10000000000002
1761,81.10000000000001
1762,115.20000000000002
1763,107.20000000000003
1764,66.50000000000003
1765,107.90000000000002
1766,105.10000000000002
1767,97.80000000000003
1768,90.50000000000004
1769,87.70000000000002
1770,57.10000000000001
1771,63.70000000000002
1772,110.30000000000001
1773,56.400000000000006
1774,95.70000000000002
1775,68.9
1776,57.10000000000001
1777,104.40000000000002
1778,110.30000000000001
1779,62.300000000000004
1780,79.70000000000002
1781,102.30000000000001
1782,85.60000000000001
1783,45.60000000000001
1784,86.30000000000001
1785,117.60000000000001
1786,55.70000000000002
1787,64.80000000000003
1788,124.20000000000002
1789,87.70000000000002
1790,47.7
1791,77.60000000000001
1792,70.30000000000001
1793,96.40000000000002
1794,64.80000000000003
1795,88.40000000000002
1796,102.30000000000001
1797,127.70000000000002
1798,79.70000000000002
1799,53.60000000000001
1800,87.70000000000002
1801,86.30000000000001
1802,86.30000000000001
1803,102.30000000000001
1804,86.30000000000001
1805,105.80000000000003
1806,79.00000000000001
1807,79.00000000000001
1808,62.30000000000001
1809,87.70000000000002
1810,100.60000000000004
1811,82.50000000000003
1812,99.90000000000002
1813,96.40000000000003
1814,81.80000000000003
1815,65.80000000000003
1816,99.20000000000002
1817,67.20000000000002
1818,71.00000000000001
1819,88.40000000000002
1820,74.50000000000003
1821,59.200000000000024
1822,66.50000000000003
1823,74.50000000000001
1824,121.10000000000002
1825,75.90000000000003
1826,121.80000000000003
1827,97.80000000000003
1828,98.50000000000003
1829,74.50000000000003
1830,82.50000000000003
1831,99.90000000000002
1832,81.80000000000003
1833,106.50000000000003
1834,82.50000000000003
1835,95.70000000000002
1836,57.10000000000001
1837,67.9
1838,68.60000000000002
1839,83.9
1840,91.20000000000003
1841,60.600000000000016
1842,91.20000000000002
1843,58.500000000000014
1844,58.50000000000003
1845,49.10000000000002
1846,79.7
1847,70.00000000000003
1848,97.80000000000001
1849,79.40000000000005
1850,83.20000000000002
1851,79.70000000000002
1852,96.80000000000005
1853,87.70000000000002
1854,78.3
1855,104.40000000000002
1856,93.60000000000001
1857,112.40000000000002
1858,63.7
1859,89.80000000000001
1860,93.60000000000001
1861,63.000000000000014
1862,112.40000000000002
1863,146.50000000000003
1864,71.7
1865,74.50000000000001
1866,88.40000000000002
1867,130.5
1868,97.10000000000001
1869,87.70000000000002
1870,56.40000000000002
1871,97.10000000000002
1872,89.80000000000003
1873,105.80000000000003
1874,88.40000000000002
1875,85.60000000000002
1876,87.70000000000002
1877,95.70000000000002
1878,65.80000000000003
1879,79.0
1880,73.10000000000001
1881,94.30000000000003
1882,69.60000000000001
1883,103.70000000000002
1884,78.30000000000001
1885,104.40000000000002
1886,71.0
1887,80.4
1888,111.7
1889,100.20000000000002
1890,96.40000000000002
1891,80.40000000000002
1892,95.0
1893,102.30000000000001
1894,68.9
1895,69.6
1896,69.60000000000001
1897,70.30000000000001
1898,46.3
1899,70.30000000000001
1900,78.30000000000001
1901,86.30000000000001
1902,69.60000000000001
1903,59.20000000000002
1904,66.50000000000003
1905,123.90000000000003
1906,107.20000000000003
1907,82.50000000000003
1908,59.90000000000003
1909,73.10000000000001
1910,90.50000000000003
1911,74.50000000000003
1912,89.10000000000001
1913,83.20000000000002
1914,99.90000000000002
1915,74.50000000000003
1916,97.80000000000001
1917,67.20000000000002
1918,97.80000000000003
1919,65.80000000000003
1920,119.7
1921,80.40000000000002
1922,107.20000000000002
1923,95.70000000000002
1924,98.50000000000001
1925,90.50000000000003
1926,96.40000000000002
1927,83.20000000000003
1928,96.40000000000002
1929,95.00000000000001
1930,73.80000000000001
1931,88.40000000000002
1932,73.10000000000002
1933,73.80000000000003
1934,25.099999999999998
1935,55.70000000000001
1936,81.10000000000002
1937,89.80000000000001
1938,78.30000000000001
1939,103.0
1940,112.4
1941,93.60000000000001
1942,81.80000000000001
1943,79.70000000000002
1944,112.40000000000002
1945,79.0
1946,79.70000000000002
1947,94.30000000000001
1948,96.40000000000002
1949,96.40000000000003
1950,78.30000000000001
1951,133.6
1952,93.60000000000001
1953,79.70000000000002
1954,103.00000000000001
1955,58.50000000000001
1956,103.70000000000002
1957,102.30000000000001
1958,63.70000000000002
1959,87.00000000000003
1960,86.30000000000001
1961,67.20000000000003
1962,77.60000000000001
1963,109.60000000000001
1964,79.00000000000001
1965,43.20000000000001
1966,106.50000000000001
1967,111.00000000000001
1968,103.00000000000001
1969,87.70000000000002
1970,111.00000000000001
1971,95.7
1972,55.000000000000014
1973,95.00000000000001
1974,95.00000000000001
1975,80.40000000000002
1976,68.20000000000002
1977,84.9
1978,70.30000000000001
1979,53.6
1980,78.30000000000001
1981,81.10000000000002
1982,51.20000000000002
1983,56.800000000000026
1984,61.60000000000001
1985,76.9
1986,89.10000000000001
1987,103.00000000000003
1988,87.00000000000001
1989,61.60000000000001
1990,97.10000000000002
1991,94.30000000000001
1992,68.9
1993,87.00000000000001
1994,87.70000000000002
1995,95.70000000000002
1996,69.60000000000001
1997,89.10000000000002
1998,31.0
1999,48.40000000000002
2000,56.80000000000004
2001,90.50000000000003
2002,76.60000000000002
2003,109.30000000000004
2004,43.90000000000001
2005,73.80000000000003
2006,56.40000000000001
2007,89.10000000000002
2008,89.10000000000002
2009,81.10000000000002
2010,89.10000000000002
2011,73.80000000000003
2012,74.50000000000003
2013,56.80000000000003
2014,57.800000000000004
2015,94.30000000000001
2016,94.30000000000001
2017,85.60000000000001
2018,53.30000000000004
2019,53.60000000000001
2020,91.20000000000003
2021,55.0
2022,86.30000000000001
2023,95.00000000000001
2024,97.10000000000001
2025,63.70000000000002
2026,53.60000000000001
2027,61.60000000000001
2028,53.6
2029,63.000000000000014
2030,64.80000000000001
2031,55.70000000000001
2032,101.60000000000001
2033,30.299999999999997
2034,88.4
2035,92.9
2036,78.30000000000001
2037,112.40000000000002
2038,89.10000000000001
2039,132.9
2040,71.40000000000002
2041,55.7
2042,47.00000000000001
2043,48.400000000000006
2044,39.7
2045,55.00000000000001
2046,78.30000000000001
2047,38.300000000000004
2048,84.9
2049,87.70000000000002
2050,77.60000000000001
2051,73.10000000000002
2052,95.70000000000002
2053,119.70000000000003
2054,103.00000000000001
2055,55.700000000000024
2056,48.39999999999999
2057,57.10000000000002
2058,80.4
2059,47.7
2060,73.10000000000002
2061,77.30000000000001
2062,79.00000000000001
2063,87.0
2064,96.40000000000002
2065,79.00000000000001
2066,101.60000000000001
2067,119.70000000000002
2068,104.40000000000002
2069,61.60000000000001
2070,63.70000000000002
2071,101.60000000000002
2072,85.60000000000001
2073,72.4
2074,73.80000000000003
2075,52.900000000000006
2076,63.000000000000014
2077,94.30000000000001
2078,93.60000000000001
2079,95.7
2080,81.80000000000001
2081,94.30000000000001
2082,103.70000000000002
2083,95.70000000000002
2084,94.30000000000001
2085,71.00000000000001
2086,71.00000000000001
2087,60.900000000000006
2088,32.4
2089,56.40000000000001
2090,71.70000000000002
2091,93.60000000000001
2092,69.60000000000001
2093,61.600000000000016
2094,92.9
2095,110.30000000000001
2096,86.30000000000001
2097,80.4
2098,55.70000000000001
2099,67.20000000000003
2100,96.4
2101,87.70000000000002
2102,92.9
2103,95.00000000000001
2104,77.60000000000002
2105,78.30000000000001
2106,96.40000000000002
2107,79.00000000000001
2108,102.30000000000001
2109,96.4
2110,94.30000000000001
2111,53.60000000000001
2112,52.900000000000006
2113,103.70000000000002
2114,77.60000000000001
2115,87.70000000000002
2116,104.40000000000002
2117,78.70000000000002
2118,49.1
2119,106.50000000000003
2120,64.4
2121,85.60000000000001
2122,89.80000000000003
2123,75.20000000000002
2124,85.60000000000001
2125,126.30000000000001
2126,93.60000000000002
2127,88.40000000000003
2128,56.40000000000001
2129,103.00000000000001
2130,54.30000000000001
2131,78.30000000000001
2132,71.00000000000001
2133,79.00000000000001
2134,110.30000000000001
2135,80.40000000000003
2136,87.70000000000002
2137,34.5
2138,117.60000000000002
2139,53.6
2140,62.30000000000001
2141,81.80000000000003
2142,43.2
2143,87.0
2144,57.80000000000001
2145,79.00000000000001
2146,87.00000000000001
2147,108.60000000000004
2148,88.80000000000004
2149,71.70000000000002
2150,79.70000000000002
2151,71.0
2152,93.60000000000002
2153,86.30000000000001
2154,86.70000000000002
2155,103.00000000000001
2156,54.30000000000001
2157,87.00000000000001
2158,78.70000000000003
2159,110.30000000000001
2160,78.30000000000001
2161,65.10000000000001
2162,105.10000000000002
2163,81.10000000000002
2164,99.20000000000002
2165,104.40000000000002
2166,52.900000000000006
2167,77.30000000000004
2168,110.30000000000001
2169,79.00000000000001
2170,91.20000000000003
2171,76.9
2172,72.4
2173,78.30000000000001
2174,54.30000000000001
2175,67.90000000000002
2176,73.80000000000003
2177,77.60000000000001
2178,52.600000000000016
2179,59.90000000000003
2180,73.10000000000002
2181,73.10000000000002
2182,90.50000000000003
2183,64.10000000000004
2184,79.0
2185,55.70000000000002
2186,94.70000000000003
2187,101.60000000000002
2188,56.400000000000006
2189,73.10000000000001
2190,99.5
2191,55.70000000000002
2192,87.7
2193,93.30000000000004
2194,47.0
2195,72.10000000000002
2196,47.0
2197,78.30000000000001
2198,103.00000000000001
2199,93.60000000000001
2200,63.70000000000002
2201,86.30000000000001
2202,78.30000000000001
2203,85.60000000000001
2204,54.30000000000001
2205,56.10000000000002
2206,88.40000000000002
2207,95.7
2208,89.10000000000002
2209,79.70000000000002
2210,99.90000000000003
2211,72.10000000000004
2212,52.900000000000006
2213,75.20000000000002
2214,88.40000000000002
2215,33.099999999999994
2216,49.10000000000001
2217,90.50000000000001
2218,55.000000000000014
2219,57.100000000000016
2220,63.70000000000002
2221,130.50000000000003
2222,73.10000000000001
2223,91.20000000000002
2224,66.50000000000001
2225,79.00000000000001
2226,65.80000000000001
2227,115.20000000000002
2228,92.60000000000004
2229,73.80000000000001
2230,97.10000000000002
2231,65.10000000000002
2232,74.50000000000001
2233,99.20000000000002
2234,91.20000000000002
2235,24.09999999999999
2236,53.6
2237,95.70000000000002
2238,119.70000000000002
2239,111.70000000000002
2240,47.00000000000001
2241,72.40000000000002
2242,95.70000000000002
2243,79.00000000000003
2244,80.40000000000002
2245,72.4
2246,73.80000000000001
2247,95.70000000000002
2248,89.10000000000004
2249,81.10000000000001
2250,59.200000000000024
2251,72.40000000000002
2252,68.9
2253,66.10000000000001
2254,94.30000000000001
2255,72.10000000000004
2256,77.60000000000001
2257,49.10000000000001
2258,96.40000000000003
2259,120.40000000000002
2260,74.50000000000001
2261,75.20000000000003
2262,144.4
2263,81.80000000000003
2264,73.10000000000001
2265,97.80000000000003
2266,81.80000000000003
2267,91.20000000000003
2268,71.00000000000001
2269,106.50000000000001
2270,89.10000000000002
2271,50.50000000000001
2272,65.80000000000001
2273,81.10000000000002
2274,72.40000000000002
2275,81.80000000000003
2276,90.50000000000003
2277,123.20000000000003
2278,90.50000000000003
2279,65.10000000000002
2280,96.4
2281,86.30000000000001
2282,89.10000000000002
2283,82.50000000000003
2284,71.7
2285,53.60000000000001
2286,73.80000000000003
2287,126.30000000000001
2288,79.0
2289,85.60000000000001
2290,110.30000000000001
2291,101.60000000000001
2292,80.40000000000002
2293,94.30000000000001
2294,53.6
2295,116.9
2296,48.40000000000001
2297,81.10000000000002
2298,103.70000000000002
2299,119.70000000000002
2300,63.7
2301,88.4
2302,55.00000000000001
2303,76.2
2304,87.70000000000002
2305,119.00000000000001
2306,103.00000000000001
2307,55.0
2308,43.900000000000006
2309,104.40000000000002
2310,64.4
2311,47.0
2312,88.40000000000002
2313,93.60000000000002
2314,87.0
2315,64.40000000000002
2316,95.70000000000002
2317,93.60000000000001
2318,78.30000000000001
2319,85.60000000000001
2320,104.40000000000002
2321,63.000000000000014
2322,88.40000000000002
2323,67.20000000000003
2324,111.00000000000001
2325,86.30000000000001
2326,112.40000000000002
2327,89.80000000000003
2328,71.70000000000002
2329,70.3
2330,49.10000000000001
2331,79.70000000000003
2332,87.70000000000002
2333,61.600000000000016
2334,80.4
2335,75.2
2336,90.50000000000003
2337,88.40000000000002
2338,99.20000000000002
2339,113.10000000000002
2340,97.10000000000002
2341,97.10000000000002
2342,78.3
2343,68.9
2344,89.10000000000002
2345,87.70000000000002
2346,78.30000000000001
2347,53.300000000000004
2348,87.0
2349,88.40000000000003
2350,89.80000000000001
2351,94.30000000000001
2352,55.00000000000001
2353,121.10000000000002
2354,101.60000000000001
2355,97.10000000000002
2356,71.00000000000001
2357,65.1
2358,74.50000000000001
2359,88.40000000000002
2360,57.10000000000002
2361,97.10000000000002
2362,66.50000000000001
2363,89.10000000000002
2364,106.50000000000003
2365,121.80000000000003
2366,105.10000000000002
2367,58.50000000000003
2368,121.80000000000003
2369,84.60000000000002
2370,48.80000000000002
2371,89.10000000000002
2372,64.40000000000002
2373,65.10000000000001
2374,65.80000000000003
2375,87.7
2376,109.30000000000003
2377,55.70000000000001
2378,97.10000000000002
2379,114.50000000000003
2380,138.50000000000003
2381,79.00000000000001
2382,105.10000000000004
2383,74.50000000000003
2384,128.4
2385,50.50000000000002
2386,81.10000000000001
2387,95.70000000000002
2388,81.10000000000001
2389,71.70000000000002
2390,73.80000000000003
2391,111.70000000000002
2392,47.7
2393,68.60000000000002
2394,106.50000000000003
2395,47.0
2396,66.50000000000001
2397,95.70000000000002
2398,78.30000000000001
2399,55.00000000000001
2400,47.0
2401,79.70000000000002
2402,110.30000000000001
2403,65.10000000000002
2404,38.30000000000001
2405,78.30000000000001
2406,103.70000000000002
2407,89.10000000000002
2408,70.30000000000001
2409,96.40000000000002
2410,77.60000000000001
2411,39.00000000000001
2412,94.30000000000001
2413,70.30000000000001
2414,63.000000000000014
2415,69.60000000000001
2416,94.30000000000003
2417,102.30000000000001
2418,62.30000000000001
2419,102.30000000000001
2420,95.00000000000001
2421,88.40000000000002
2422,100.90000000000002
2423,96.80000000000004
2424,71.00000000000003
2425,124.2
2426,62.300000000000004
2427,110.30000000000001
2428,77.60000000000001
2429,63.70000000000002
2430,110.30000000000003
2431,56.40000000000001
2432,76.9
2433,129.10000000000002
2434,71.70000000000002
2435,55.70000000000002
2436,87.7
2437,114.50000000000003
2438,89.80000000000003
2439,71.70000000000002
2440,65.10000000000002
2441,97.10000000000002
2442,80.40000000000002
2443,91.20000000000003
2444,91.20000000000003
2445,63.000000000000014
2446,108.90000000000002
2447,69.60000000000001
2448,88.80000000000003
2449,110.30000000000001
2450,118.30000000000003
2451,85.60000000000001
2452,67.20000000000002
2453,52.90000000000001
2454,91.20000000000002
2455,71.70000000000002
2456,61.60000000000001
2457,63.000000000000014
2458,57.099999999999994
2459,60.600000000000016
2460,79.70000000000002
2461,53.60000000000001
2462,79.70000000000002
2463,81.80000000000003
2464,87.70000000000002
2465,95.70000000000002
2466,104.40000000000003
2467,80.40000000000002
2468,64.4
2469,74.50000000000001
2470,71.70000000000003
2471,79.00000000000001
2472,103.00000000000001
2473,71.7
2474,72.4
2475,88.40000000000002
2476,87.70000000000002
2477,94.30000000000003
2478,93.60000000000002
2479,102.30000000000001
2480,87.70000000000002
2481,78.30000000000001
2482,71.70000000000002
2483,87.70000000000002
2484,63.0
2485,79.00000000000001
2486,75.20000000000003
2487,95.00000000000001
2488,71.70000000000002
2489,95.70000000000002
2490,64.80000000000003
2491,95.00000000000001
2492,99.20000000000002
2493,55.7
2494,113.80000000000001
2495,89.80000000000003
2496,81.80000000000003
2497,73.10000000000002
2498,60.900000000000006
2499,56.400000000000006
2500,53.599999999999994
2501,95.70000000000002
2502,95.00000000000001
2503,55.000000000000014
2504,64.4
2505,73.10000000000001
2506,96.40000000000002
2507,111.00000000000001
2508,107.90000000000003
2509,73.80000000000001
2510,49.8
2511,49.80000000000001
2512,81.10000000000001
2513,33.1
2514,96.40000000000002
2515,78.0
2516,82.50000000000001
2517,71.70000000000002
2518,116.60000000000002
2519,88.40000000000002
2520,89.80000000000001
2521,67.20000000000003
2522,105.10000000000002
2523,57.800000000000026
2524,96.40000000000002
2525,97.80000000000001
2526,71.40000000000003
2527,66.50000000000001
2528,43.2
2529,79.0
2530,57.800000000000004
2531,81.10000000000001
2532,81.80000000000003
2533,48.800000000000026
2534,49.100000000000016
2535,103.70000000000002
2536,105.10000000000002
2537,81.10000000000002
2538,56.40000000000001
2539,65.1
2540,63.70000000000002
2541,65.8
2542,81.10000000000002
2543,63.000000000000014
2544,73.10000000000002
2545,105.10000000000002
2546,107.20000000000003
2547,82.50000000000001
2548,68.60000000000002
2549,47.7
2550,87.70000000000002
2551,91.90000000000002
2552,66.50000000000001
2553,91.90000000000003
2554,97.10000000000002
2555,99.90000000000003
2556,82.50000000000003
2557,83.90000000000002
2558,97.80000000000003
2559,71.7
2560,110.30000000000001
2561,42.50000000000001
2562,79.70000000000003
2563,101.60000000000001
2564,83.20000000000003
2565,93.60000000000002
2566,80.40000000000002
2567,87.70000000000002
2568,96.40000000000002
2569,94.30000000000001
2570,80.40000000000002
2571,66.50000000000003
2572,81.80000000000003
2573,47.7
2574,9.799999999999999
2575,73.10000000000002
2576,79.00000000000001
2577,95.70000000000002
2578,80.40000000000002
2579,92.60000000000002
2580,93.60000000000001
2581,77.60000000000001
2582,119.00000000000001
2583,77.60000000000001
2584,80.40000000000002
2585,103.70000000000003
2586,111.70000000000002
2587,65.10000000000001
2588,69.60000000000001
2589,62.3
2590,96.40000000000002
2591,111.00000000000001
2592,63.7
2593,55.0
2594,112.4
2595,102.30000000000003
2596,95.00000000000001
2597,81.10000000000002
2598,71.00000000000001
2599,113.80000000000003
2600,52.2
2601,57.100000000000016
2602,87.70000000000002
2603,101.60000000000002
2604,86.30000000000001
2605,63.000000000000014
2606,79.70000000000002
2607,83.20000000000002
2608,98.50000000000003
2609,81.10000000000001
2610,49.80000000000001
2611,119.70000000000002
2612,57.10000000000001
2613,91.20000000000002
2614,82.50000000000001
2615,73.80000000000001
2616,89.10000000000002
2617,65.80000000000001
2618,71.7
2619,96.40000000000002
2620,112.40000000000003
2621,97.80000000000001
2622,122.50000000000003
2623,110.30000000000001
2624,75.20000000000002
2625,80.4
2626,106.50000000000003
2627,31.7
2628,102.30000000000001
2629,79.70000000000002
2630,43.2
2631,71.00000000000001
2632,95.70000000000002
2633,81.10000000000002
2634,97.10000000000002
2635,97.80000000000003
2636,89.80000000000003
2637,81.10000000000002
2638,83.90000000000003
2639,91.20000000000003
2640,115.90000000000003
2641,55.0
2642,122.50000000000003
2643,74.50000000000001
2644,104.40000000000002
2645,71.00000000000003
2646,106.50000000000003
2647,73.80000000000003
2648,67.20000000000003
2649,65.80000000000003
2650,73.80000000000001
2651,79.7
2652,40.40000000000003
2653,113.10000000000002
2654,80.40000000000002
2655,79.00000000000001
2656,113.10000000000002
2657,90.50000000000003
2658,95.70000000000002
2659,84.20000000000002
2660,62.30000000000001
2661,86.30000000000001
2662,86.30000000000001
2663,73.80000000000001
2664,79.00000000000001
2665,95.70000000000002
2666,79.00000000000001
2667,85.60000000000001
2668,55.70000000000002
2669,93.60000000000001
2670,72.4
2671,78.30000000000003
2672,68.9
2673,87.70000000000002
2674,48.400000000000006
2675,72.40000000000002
2676,87.00000000000001
2677,88.40000000000002
2678,79.70000000000002
2679,93.60000000000001
2680,113.10000000000002
2681,65.1
2682,51.20000000000002
2683,80.40000000000002
2684,89.80000000000003
2685,99.20000000000002
2686,98.50000000000001
2687,50.500000000000014
2688,44.900000000000006
2689,60.900000000000006
2690,55.00000000000002
2691,82.50000000000003
2692,104.40000000000002
2693,113.10000000000001
2694,121.10000000000002
2695,114.50000000000003
2696,89.10000000000002
2697,107.20000000000003
2698,74.50000000000003
2699,89.80000000000003
2700,73.80000000000001
2701,89.10000000000002
2702,83.20000000000002
2703,82.50000000000003
2704,57.10000000000001
2705,106.50000000000003
2706,73.10000000000001
2707,90.50000000000003
2708,72.40000000000002
2709,72.40000000000002
2710,102.30000000000001
2711,106.50000000000003
2712,103.00000000000001
2713,89.10000000000001
2714,50.500000000000014
2715,79.0
2716,97.80000000000003
2717,74.50000000000001
2718,75.20000000000003
2719,105.80000000000003
2720,97.80000000000003
2721,83.20000000000002
2722,97.80000000000003
2723,75.20000000000002
2724,82.50000000000001
2725,115.20000000000003
2726,90.50000000000003
2727,113.80000000000003
2728,81.10000000000002
2729,65.80000000000003
2730,99.20000000000002
2731,73.10000000000002
2732,66.50000000000003
2733,82.50000000000001
2734,89.80000000000003
2735,57.80000000000001
2736,65.10000000000001
2737,63.70000000000002
2738,105.80000000000003
2739,95.70000000000002
2740,86.30000000000001
2741,72.40000000000002
2742,73.10000000000001
2743,80.40000000000003
2744,32.4
2745,83.20000000000003
2746,75.20000000000002
2747,49.10000000000001
2748,71.00000000000001
2749,89.10000000000002
2750,97.10000000000002
2751,56.40000000000003
2752,112.4
2753,101.60000000000002
2754,55.00000000000001
2755,51.20000000000002
2756,67.20000000000002
2757,94.30000000000001
2758,101.60000000000002
2759,71.00000000000001
2760,84.9
2761,105.80000000000003
2762,95.70000000000002
2763,60.2
2764,103.70000000000002
2765,87.70000000000002
2766,87.70000000000002
2767,77.60000000000001
2768,77.60000000000001
2769,31.0
2770,61.6
2771,53.6
2772,98.50000000000003
2773,102.30000000000001
2774,97.80000000000003
2775,55.70000000000001
2776,89.80000000000003
2777,94.30000000000001
2778,57.80000000000001
2779,97.10000000000002
2780,89.80000000000003
2781,56.10000000000002
2782,105.80000000000003
2783,50.50000000000001
2784,88.40000000000002
2785,107.20000000000003
2786,73.10000000000002
2787,97.80000000000003
2788,81.80000000000001
2789,96.40000000000002
2790,81.10000000000002
2791,81.10000000000001
2792,83.20000000000002
2793,73.80000000000003
2794,90.50000000000003
2795,73.8
2796,90.50000000000001
2797,89.10000000000002
2798,65.80000000000001
2799,47.7
2800,57.100000000000016
2801,115.20000000000003
2802,91.90000000000003
2803,105.80000000000001
2804,91.20000000000003
2805,82.50000000000003
2806,71.70000000000002
2807,71.00000000000001
2808,112.40000000000002
2809,81.10000000000002
2810,106.50000000000003
2811,97.10000000000002
2812,89.80000000000003
2813,64.4
2814,62.30000000000001
2815,47.7
2816,90.50000000000003
2817,111.70000000000002
2818,82.50000000000003
2819,115.90000000000003
2820,89.10000000000001
2821,114.50000000000003
2822,81.80000000000003
2823,115.90000000000003
2824,97.10000000000002
2825,81.10000000000002
2826,105.10000000000002
2827,97.10000000000002
2828,105.80000000000003
2829,81.80000000000003
2830,97.80000000000003
2831,99.90000000000002
2832,65.80000000000001
2833,113.80000000000003
2834,91.20000000000003
2835,83.20000000000003
2836,102.30000000000001
2837,55.70000000000002
2838,80.40000000000002
2839,73.80000000000001
2840,121.80000000000003
2841,47.00000000000001
2842,65.10000000000001
2843,73.80000000000003
2844,89.10000000000002
2845,64.40000000000002
2846,47.70000000000001
2847,129.8
2848,64.4
2849,49.10000000000001
2850,72.4
2851,73.80000000000003
2852,88.40000000000002
2853,81.80000000000001
2854,73.80000000000003
2855,81.80000000000003
2856,104.40000000000002
2857,63.70000000000002
2858,87.7
2859,62.30000000000001
2860,76.20000000000002
2861,38.300000000000004
2862,121.10000000000002
2863,89.10000000000001
2864,89.80000000000003
2865,97.80000000000003
2866,79.00000000000001
2867,72.4
2868,103.00000000000001
2869,97.10000000000002
2870,57.10000000000001
2871,63.7
2872,79.00000000000001
2873,56.4
2874,109.60000000000001
2875,37.6
2876,51.2
2877,131.20000000000005
2878,103.00000000000001
2879,62.30000000000001
2880,83.20000000000002
2881,74.50000000000001
2882,71.00000000000001
2883,86.30000000000001
2884,105.80000000000003
2885,61.60000000000001
2886,63.0
2887,88.40000000000002
2888,111.70000000000002
2889,56.400000000000006
2890,97.80000000000003
2891,80.4
2892,69.60000000000001
2893,96.40000000000002
2894,65.10000000000002
2895,71.00000000000001
2896,86.30000000000001
2897,106.50000000000004
2898,91.20000000000003
2899,95.70000000000002
2900,120.40000000000002
2901,86.30000000000001
2902,103.00000000000001
2903,79.70000000000002
2904,81.10000000000001
2905,103.70000000000002
2906,64.4
2907,87.7
2908,94.30000000000001
2909,81.10000000000002
2910,95.70000000000002
2911,79.70000000000002
2912,55.70000000000002
2913,63.000000000000014
2914,54.30000000000002
2915,54.300000000000004
2916,80.40000000000002
2917,89.10000000000001
2918,119.00000000000003
2919,101.60000000000001
2920,83.20000000000003
2921,105.10000000000002
2922,75.20000000000003
2923,58.500000000000014
2924,58.500000000000014
2925,75.20000000000003
2926,73.80000000000003
2927,71.70000000000002
2928,80.40000000000002
2929,103.70000000000002
2930,72.40000000000002
2931,105.80000000000003
2932,71.00000000000001
2933,64.4
2934,91.20000000000003
2935,57.100000000000016
2936,73.10000000000002
2937,103.70000000000002
2938,81.10000000000002
2939,65.10000000000002
2940,83.20000000000002
2941,115.20000000000003
2942,89.80000000000003
2943,97.80000000000003
2944,89.10000000000001
2945,63.70000000000001
2946,65.10000000000002
2947,96.40000000000002
2948,113.80000000000003
2949,99.20000000000003
2950,81.80000000000003
2951,97.10000000000002
2952,89.10000000000002
2953,82.50000000000003
2954,67.20000000000003
2955,88.40000000000002
2956,91.20000000000003
2957,91.20000000000002
2958,113.80000000000003
2959,83.20000000000003
2960,97.10000000000002
2961,89.80000000000003
2962,79.00000000000001
2963,65.10000000000001
2964,49.1
2965,98.50000000000003
2966,57.100000000000016
2967,76.60000000000002
2968,85.60000000000001
2969,99.20000000000003
2970,87.70000000000003
2971,91.90000000000002
2972,81.10000000000002
2973,80.40000000000002
2974,107.90000000000003
2975,65.10000000000001
2976,106.50000000000003
2977,73.80000000000003
2978,105.80000000000003
2979,49.1
2980,73.80000000000003
2981,80.4
2982,91.90000000000003
2983,67.20000000000002
2984,63.0
2985,103.00000000000001
2986,93.60000000000001
2987,80.40000000000002
2988,100.9
2989,87.00000000000001
2990,73.10000000000001
2991,79.0
2992,68.9
2993,78.30000000000001
2994,71.70000000000002
2995,92.90000000000002
2996,95.00000000000001
2997,73.10000000000001
2998,48.40000000000001
2999,102.30000000000001
3000,95.70000000000002
3001,96.40000000000003
3002,89.10000000000001
3003,97.80000000000003
3004,81.10000000000002
3005,71.70000000000002
3006,89.10000000000002
3007,81.10000000000002
3008,96.40000000000002
3009,64.40000000000002
3010,87.00000000000001
3011,87.00000000000003
3012,81.10000000000002
3013,87.00000000000001
3014,72.40000000000002
3015,95.70000000000002
3016,73.10000000000002
3017,87.00000000000001
3018,135.70000000000002
3019,47.7
3020,97.10000000000002
3021,111.00000000000001
3022,104.40000000000002
3023,60.900000000000006
3024,73.10000000000002
3025,96.40000000000002
3026,81.80000000000003
3027,63.70000000000002
3028,80.40000000000002
3029,65.10000000000001
3030,103.70000000000002
3031,90.50000000000003
3032,105.10000000000002
3033,79.00000000000001
3034,78.30000000000001
3035,101.60000000000001
3036,118.30000000000001
3037,55.70000000000001
3038,85.60000000000002
3039,63.000000000000014
3040,87.00000000000001
3041,77.60000000000001
3042,126.30000000000001
3043,38.300000000000004
3044,57.800000000000026
3045,91.90000000000003
3046,110.30000000000001
3047,89.80000000000001
3048,102.30000000000001
3049,71.00000000000001
3050,71.70000000000002
3051,106.50000000000003
3052,97.10000000000002
3053,95.00000000000001
3054,61.6
3055,94.30000000000001
3056,55.00000000000001
3057,117.60000000000001
3058,79.70000000000002
3059,57.80000000000002
3060,49.80000000000002
3061,57.80000000000001
3062,89.10000000000002
3063,61.600000000000016
3064,90.50000000000003
3065,78.30000000000001
3066,87.70000000000002
3067,65.10000000000002
3068,101.30000000000003
3069,79.70000000000002
3070,101.60000000000001
3071,86.30000000000001
3072,73.10000000000002
3073,69.30000000000001
3074,65.10000000000001
3075,101.30000000000003
3076,52.60000000000002
3077,93.60000000000001
3078,73.80000000000003
3079,86.30000000000001
3080,38.3
3081,93.60000000000001
3082,56.40000000000002
3083,91.90000000000003
3084,89.10000000000002
3085,81.80000000000003
3086,73.80000000000001
3087,58.50000000000001
3088,68.20000000000002
3089,76.20000000000002
3090,103.70000000000002
3091,60.900000000000006
3092,102.30000000000001
3093,89.10000000000002
3094,114.50000000000003
3095,98.50000000000003
3096,89.10000000000002
3097,93.60000000000002
3098,65.80000000000001
3099,82.50000000000003
3100,57.800000000000004
3101,105.80000000000003
3102,91.20000000000003
3103,105.10000000000002
3104,74.50000000000001
3105,74.50000000000001
3106,82.50000000000001
3107,63.000000000000014
3108,97.80000000000003
3109,90.50000000000003
3110,105.10000000000002
3111,68.9
3112,79.7
3113,79.70000000000002
3114,111.00000000000003
3115,93.60000000000001
3116,71.00000000000001
3117,85.60000000000001
3118,56.40000000000002
3119,65.80000000000003
3120,71.0
3121,113.80000000000003
3122,59.200000000000024
3123,61.60000000000001
3124,112.40000000000002
3125,103.00000000000003
3126,84.2
3127,60.900000000000006
3128,92.90000000000002
3129,87.00000000000001
3130,78.30000000000001
3131,104.40000000000003
3132,70.30000000000001
3133,119.70000000000002
3134,74.50000000000003
3135,55.7
3136,48.4
3137,88.40000000000002
3138,73.80000000000001
3139,111.00000000000001
3140,55.7
3141,79.00000000000001
3142,65.10000000000001
3143,89.10000000000002
3144,105.10000000000002
3145,78.30000000000003
3146,78.30000000000001
3147,110.30000000000001
3148,63.70000000000002
3149,81.80000000000003
3150,97.10000000000001
3151,81.80000000000004
3152,106.50000000000003
3153,88.40000000000002
3154,80.4
3155,99.20000000000002
3156,98.50000000000003
3157,113.10000000000002
3158,49.800000000000026
3159,121.80000000000003
3160,50.50000000000002
3161,65.10000000000001
3162,89.10000000000001
3163,91.20000000000002
3164,111.00000000000001
3165,73.80000000000001
3166,55.70000000000002
3167,48.40000000000001
3168,81.80000000000003
3169,90.50000000000003
3170,67.90000000000002
3171,88.40000000000002
3172,128.40000000000003
3173,81.10000000000001
3174,88.40000000000002
3175,65.80000000000003
3176,81.10000000000002
3177,97.10000000000002
3178,74.50000000000001
3179,83.90000000000003
3180,75.20000000000002
3181,63.7
3182,65.80000000000001
3183,87.00000000000003
3184,51.2
3185,87.00000000000003
3186,87.00000000000001
3187,57.10000000000001
3188,113.10000000000002
3189,72.40000000000002
3190,64.40000000000002
3191,95.70000000000002
3192,89.10000000000002
3193,98.50000000000003
3194,57.80000000000002
3195,87.7
3196,101.60000000000001
3197,79.00000000000001
3198,70.30000000000001
3199,89.80000000000003
3200,103.00000000000001
3201,107.20000000000003
3202,62.30000000000001
3203,71.00000000000001
3204,79.0
3205,52.900000000000006
3206,56.4
3207,71.7
3208,89.80000000000001
3209,65.10000000000002
3210,85.60000000000001
3211,114.8
3212,92.9
3213,92.2
3214,122.8
3215,100.9
3216,88.7
3217,87.00000000000001
3218,78.30000000000003
3219,69.60000000000001
3220,103.00000000000001
3221,56.40000000000002
3222,93.60000000000002
3223,79.70000000000002
3224,84.20000000000002
3225,65.80000000000001
3226,70.30000000000001
3227,54.300000000000004
3228,86.30000000000001
3229,62.30000000000001
3230,104.40000000000002
3231,103.70000000000002
3232,48.40000000000001
3233,46.300000000000004
3234,81.10000000000001
3235,103.00000000000001
3236,87.70000000000002
3237,90.50000000000003
3238,65.80000000000003
3239,102.30000000000001
3240,94.30000000000003
3241,78.30000000000001
3242,78.30000000000001
3243,94.30000000000001
3244,71.7
3245,57.10000000000002
3246,72.40000000000002
3247,57.80000000000001
3248,41.10000000000001
3249,88.40000000000002
3250,84.9
3251,90.50000000000003
3252,113.10000000000002
3253,123.20000000000003
3254,47.7
3255,74.50000000000001
3256,81.80000000000001
3257,98.50000000000003
3258,75.20000000000002
3259,99.90000000000002
3260,57.800000000000004
3261,75.20000000000003
3262,104.40000000000002
3263,97.10000000000002
3264,128.40000000000003
3265,81.80000000000001
3266,51.90000000000002
3267,95.70000000000002
3268,105.10000000000002
3269,103.70000000000002
3270,115.20000000000003
3271,82.50000000000001
3272,57.800000000000026
3273,39.0
3274,65.10000000000001
3275,57.80000000000002
3276,89.80000000000004
3277,89.80000000000003
3278,89.80000000000003
3279,49.80000000000002
3280,105.80000000000003
3281,107.20000000000003
3282,99.90000000000003
3283,107.20000000000002
3284,98.50000000000003
3285,73.10000000000002
3286,107.20000000000003
3287,80.4
3288,81.80000000000001
3289,103.70000000000002
3290,94.30000000000001
3291,105.80000000000003
3292,69.60000000000001
3293,87.70000000000002
3294,88.4
3295,93.60000000000001
3296,86.30000000000001
3297,71.0
3298,125.60000000000001
3299,102.30000000000001
3300,87.70000000000002
3301,97.80000000000003
3302,85.60000000000001
3303,70.30000000000001
3304,110.30000000000001
3305,78.3
3306,92.9
3307,126.30000000000001
3308,102.30000000000001
3309,105.10000000000002
3310,121.10000000000002
3311,63.0
3312,70.30000000000001
3313,102.30000000000001
3314,71.00000000000001
3315,79.70000000000002
3316,103.00000000000001
3317,109.60000000000001
3318,111.00000000000001
3319,63.70000000000002
3320,111.70000000000002
3321,86.30000000000001
3322,71.00000000000001
3323,100.9
3324,111.70000000000002
3325,95.00000000000001
3326,95.70000000000002
3327,94.30000000000001
3328,93.60000000000001
3329,95.00000000000001
3330,92.9
3331,96.40000000000002
3332,63.0
3333,79.00000000000001
3334,78.30000000000001
3335,87.70000000000002
3336,107.20000000000003
3337,99.20000000000002
3338,81.80000000000001
3339,80.40000000000002
3340,89.80000000000003
3341,74.50000000000003
3342,74.50000000000003
3343,81.10000000000001
3344,73.80000000000003
3345,81.10000000000001
3346,81.80000000000003
3347,90.50000000000003
3348,105.80000000000003
3349,129.10000000000002
3350,79.00000000000001
3351,61.60000000000001
3352,124.9
3353,63.7
3354,102.30000000000003
3355,71.70000000000002
3356,94.30000000000001
3357,85.60000000000001
3358,70.30000000000001
3359,79.7
3360,79.70000000000002
3361,103.70000000000002
3362,78.30000000000001
3363,97.80000000000003
3364,87.00000000000001
3365,112.4
3366,79.70000000000002
3367,89.10000000000002
3368,69.6
3369,64.40000000000002
3370,102.30000000000001
3371,71.00000000000001
3372,79.00000000000001
3373,78.30000000000001
3374,79.00000000000003
3375,93.60000000000001
3376,86.30000000000001
3377,110.30000000000003
3378,95.00000000000001
3379,110.30000000000001
3380,71.00000000000003
3381,57.800000000000026
3382,73.80000000000003
3383,88.40000000000002
3384,89.10000000000002
3385,106.50000000000003
3386,73.80000000000001
3387,81.10000000000001
3388,111.70000000000002
3389,87.70000000000002
3390,79.00000000000001
3391,102.30000000000001
3392,97.80000000000003
3393,95.00000000000001
3394,119.00000000000001
3395,99.20000000000002
3396,113.80000000000003
3397,95.00000000000001
3398,137.10000000000002
3399,64.4
3400,115.20000000000003
3401,90.50000000000003
3402,81.10000000000002
3403,73.10000000000001
3404,105.80000000000003
3405,89.10000000000001
3406,113.80000000000003
3407,63.70000000000002
3408,113.10000000000002
3409,97.80000000000003
3410,88.40000000000002
3411,123.90000000000003
3412,97.10000000000002
3413,105.10000000000002
3414,86.30000000000001
3415,104.40000000000003
3416,79.70000000000002
3417,113.10000000000004
3418,71.00000000000001
3419,75.90000000000002
3420,49.80000000000001
3421,65.10000000000001
3422,58.500000000000014
3423,96.40000000000002
3424,64.40000000000002
3425,73.10000000000002
3426,113.80000000000003
3427,56.40000000000002
3428,106.50000000000003
3429,81.10000000000002
3430,73.80000000000003
3431,65.80000000000003
3432,74.50000000000001
3433,99.90000000000003
3434,79.00000000000001
3435,50.5
3436,113.10000000000002
3437,162.49999999999997
3438,104.40000000000002
3439,81.10000000000001
3440,98.50000000000001
3441,79.70000000000002
3442,74.50000000000003
3443,73.80000000000001
3444,79.70000000000002
3445,97.10000000000002
3446,81.10000000000001
3447,97.80000000000001
3448,97.10000000000002
3449,111.00000000000003
3450,98.50000000000003
3451,89.10000000000002
3452,90.50000000000003
3453,94.30000000000001
3454,96.40000000000002
3455,42.500000000000014
3456,121.10000000000002
3457,74.50000000000001
3458,74.50000000000001
3459,81.10000000000001
3460,129.10000000000002
3461,112.40000000000002
3462,91.20000000000003
3463,88.4
3464,89.80000000000003
3465,89.10000000000002
3466,128.4
3467,89.80000000000003
3468,139.20000000000002
3469,106.50000000000003
3470,73.80000000000003
3471,39.699999999999996
3472,88.40000000000003
3473,89.80000000000004
3474,79.00000000000001
3475,105.80000000000003
3476,75.20000000000003
3477,65.80000000000003
3478,88.40000000000002
3479,121.80000000000003
3480,89.80000000000003
3481,80.40000000000002
3482,95.70000000000002
3483,97.80000000000004
3484,104.4
3485,88.40000000000002
3486,82.50000000000003
3487,91.20000000000003
3488,89.80000000000003
3489,65.10000000000002
3490,87.70000000000002
3491,114.50000000000003
3492,114.50000000000001
3493,104.4
3494,65.10000000000002
3495,65.80000000000001
3496,129.10000000000002
3497,105.80000000000004
3498,103.70000000000002
3499,64.40000000000002
3500,48.400000000000006
3501,111.70000000000002
3502,71.00000000000001
3503,103.00000000000003
3504,94.30000000000001
3505,98.50000000000003
3506,114.50000000000003
3507,91.90000000000002
3508,72.40000000000002
3509,70.30000000000001
3510,139.9
3511,99.20000000000002
3512,71.70000000000002
3513,87.70000000000002
3514,89.80000000000001
3515,89.10000000000002
3516,64.40000000000002
3517,41.800000000000004
3518,65.10000000000001
3519,74.50000000000003
3520,73.10000000000002
3521,108.20000000000002
3522,88.40000000000002
3523,25.099999999999998
3524,81.10000000000001
3525,66.50000000000003
3526,113.80000000000001
3527,49.800000000000026
3528,104.40000000000002
3529,112.40000000000002
3530,58.50000000000001
3531,96.40000000000002
3532,111.70000000000002
3533,86.30000000000003
3534,89.10000000000002
3535,72.4
3536,97.10000000000002
3537,65.80000000000001
3538,113.10000000000002
3539,80.40000000000002
3540,88.40000000000002
3541,115.20000000000003
3542,94.30000000000001
3543,81.10000000000002
3544,83.20000000000002
3545,65.80000000000001
3546,80.40000000000002
3547,75.2
3548,63.0
3549,97.10000000000002
3550,111.00000000000003
3551,111.00000000000001
3552,109.60000000000002
3553,87.70000000000002
3554,86.30000000000003
3555,125.60000000000002
3556,78.30000000000001
3557,79.00000000000001
3558,100.90000000000002
3559,39.00000000000001
3560,65.80000000000003
3561,78.30000000000001
3562,93.6
3563,71.00000000000001
3564,79.00000000000001
3565,73.80000000000001
3566,113.10000000000002
3567,113.10000000000001
3568,98.50000000000001
3569,81.80000000000003
3570,81.80000000000003
3571,56.400000000000006
3572,55.7
3573,71.00000000000001
3574,63.000000000000014
3575,103.00000000000001
3576,65.8
3577,97.80000000000003
3578,57.80000000000002
3579,91.20000000000003
3580,105.80000000000001
3581,89.10000000000002
3582,119.70000000000002
3583,75.20000000000003
3584,67.90000000000003
3585,113.80000000000003
3586,87.00000000000001
3587,113.10000000000001
3588,69.60000000000001
3589,94.30000000000001
3590,68.9
3591,118.30000000000001
3592,69.60000000000002
3593,77.60000000000001
3594,52.900000000000006
3595,39.7
3596,86.30000000000001
3597,72.40000000000002
3598,95.00000000000001
3599,81.10000000000002
3600,100.2
3601,57.10000000000001
3602,68.9
3603,100.90000000000002
3604,85.60000000000001
3605,80.4
3606,120.40000000000002
3607,85.60000000000001
3608,108.2
3609,103.00000000000001
3610,87.00000000000001
3611,77.60000000000001
3612,101.60000000000002
3613,44.9
3614,92.9
3615,93.60000000000001
3616,115.50000000000001
3617,85.60000000000001
3618,109.60000000000001
3619,87.7
3620,69.60000000000001
3621,118.30000000000001
3622,108.2
3623,70.30000000000001
3624,102.30000000000001
3625,77.60000000000001
3626,108.20000000000002
3627,77.60000000000001
3628,80.4
3629,62.30000000000001
3630,78.30000000000001
3631,40.400000000000006
3632,102.30000000000001
3633,128.40000000000003
3634,95.00000000000001
3635,86.30000000000003
3636,79.70000000000002
3637,93.60000000000001
3638,101.60000000000001
3639,71.7
3640,61.60000000000001
3641,104.40000000000002
3642,86.3
3643,92.2
3644,78.30000000000001
3645,110.30000000000001
3646,54.3
3647,53.60000000000001
3648,68.9
3649,95.70000000000002
3650,77.60000000000001
3651,93.60000000000002
3652,95.00000000000001
3653,71.00000000000001
3654,109.60000000000001
3655,62.30000000000001
3656,101.60000000000001
3657,86.30000000000001
3658,124.9
3659,47.0
3660,79.70000000000002
3661,85.60000000000001
3662,63.000000000000014
3663,102.30000000000001
3664,104.40000000000002
3665,105.10000000000002
3666,117.60000000000001
3667,98.50000000000003
3668,63.70000000000002
3669,45.60000000000001
3670,55.00000000000001
3671,87.00000000000001
3672,55.000000000000014
3673,38.3
3674,57.10000000000001
3675,95.70000000000002
3676,63.7
3677,94.30000000000001
3678,68.9
3679,70.30000000000001
3680,61.60000000000001
3681,88.40000000000002
3682,84.90000000000002
3683,77.60000000000002
3684,70.30000000000001
3685,52.2
3686,132.20000000000002
3687,84.9
3688,48.400000000000006
3689,71.00000000000001
3690,40.400000000000006
3691,105.80000000000003
3692,87.70000000000002
3693,103.00000000000001
3694,69.6
3695,71.00000000000001
3696,66.50000000000003
3697,107.20000000000003
3698,89.80000000000001
3699,105.10000000000002
3700,78.30000000000001
3701,71.00000000000001
3702,102.30000000000001
3703,87.00000000000001
3704,70.30000000000001
3705,77.60000000000002
3706,62.30000000000001
3707,104.40000000000003
3708,71.70000000000002
3709,72.4
3710,105.10000000000002
3711,88.40000000000002
3712,98.50000000000003
3713,97.10000000000002
3714,103.70000000000002
3715,95.00000000000001
3716,55.0
3717,75.5
3718,56.400000000000006
3719,100.9
3720,93.60000000000001
3721,63.0
3722,73.10000000000002
3723,69.60000000000001
3724,87.70000000000002
3725,55.70000000000002
3726,54.30000000000001
3727,119.70000000000002
3728,86.30000000000001
3729,94.30000000000001
3730,93.60000000000001
3731,77.60000000000001
3732,85.60000000000001
3733,77.60000000000001
3734,69.60000000000001
3735,117.60000000000001
3736,53.60000000000001
3737,81.80000000000003
3738,71.00000000000001
3739,105.10000000000002
3740,71.00000000000001
3741,97.10000000000002
3742,66.50000000000001
3743,127.70000000000002
3744,74.50000000000003
3745,79.70000000000002
3746,50.50000000000001
3747,64.40000000000002
3748,78.30000000000001
3749,88.4
3750,95.70000000000002
3751,66.50000000000001
3752,75.90000000000002
3753,97.80000000000003
3754,119.70000000000002
3755,75.20000000000003
3756,63.700000000000024
3757,55.70000000000001
3758,106.50000000000003
3759,80.4
3760,79.70000000000002
3761,71.70000000000002
3762,59.20000000000001
3763,89.80000000000003
3764,57.80000000000002
3765,63.000000000000014
3766,56.40000000000002
3767,63.7
3768,110.30000000000003
3769,53.60000000000001
3770,102.30000000000001
3771,78.30000000000001
3772,77.60000000000001
3773,103.70000000000002
3774,85.60000000000001
3775,55.00000000000001
3776,59.50000000000001
3777,94.30000000000001
3778,94.30000000000001
3779,62.30000000000001
3780,71.00000000000001
3781,110.30000000000001
3782,87.00000000000001
3783,80.40000000000002
3784,82.50000000000003
3785,55.70000000000002
3786,97.10000000000002
3787,79.70000000000002
3788,93.60000000000001
3789,103.00000000000001
3790,56.40000000000001
3791,70.30000000000001
3792,111.00000000000001
3793,71.00000000000001
3794,96.40000000000002
3795,79.70000000000002
3796,109.60000000000001
3797,63.70000000000002
3798,77.60000000000001
3799,71.7
3800,104.40000000000002
3801,79.70000000000002
3802,111.00000000000001
3803,46.300000000000004
3804,110.30000000000001
3805,89.80000000000003
3806,77.60000000000002
3807,53.6
3808,114.50000000000003
3809,103.70000000000002
3810,72.4
3811,93.60000000000001
3812,110.30000000000001
3813,78.30000000000001
3814,54.300000000000004
3815,97.10000000000002
3816,71.70000000000002
3817,65.10000000000002
3818,89.10000000000002
3819,87.70000000000003
3820,73.10000000000002
3821,49.8
3822,98.50000000000001
3823,97.80000000000003
3824,115.20000000000003
3825,66.50000000000003
3826,63.70000000000002
3827,57.80000000000001
3828,78.3
3829,87.00000000000001
3830,87.70000000000002
3831,97.10000000000002
3832,63.70000000000002
3833,64.40000000000002
3834,73.80000000000001
3835,58.500000000000014
3836,129.8
3837,115.20000000000003
3838,41.800000000000004
3839,130.50000000000003
3840,103.00000000000001
3841,57.100000000000016
3842,82.50000000000003
3843,97.80000000000001
3844,89.80000000000003
3845,57.80000000000002
3846,71.70000000000002
3847,64.4
3848,79.70000000000002
3849,63.00000000000001
3850,112.40000000000002
3851,82.50000000000003
3852,83.90000000000002
3853,68.9
3854,95.00000000000001
3855,79.0
3856,77.60000000000001
3857,93.60000000000001
3858,86.30000000000001
3859,78.30000000000001
3860,94.30000000000001
3861,70.30000000000001
3862,96.40000000000002
3863,95.00000000000003
3864,62.30000000000001
3865,87.70000000000002
3866,87.00000000000001
3867,85.60000000000001
3868,95.00000000000001
3869,70.30000000000001
3870,70.30000000000001
3871,77.60000000000001
3872,100.9
3873,60.900000000000006
3874,85.60000000000001
3875,76.2
3876,45.60000000000001
3877,86.30000000000001
3878,77.6
3879,76.9
3880,68.9
3881,71.00000000000001
3882,92.90000000000002
3883,64.40000000000002
3884,71.70000000000002
3885,79.00000000000001
3886,52.900000000000006
3887,84.9
3888,69.60000000000001
3889,57.10000000000002
3890,55.70000000000001
3891,86.30000000000001
3892,93.60000000000001
3893,118.30000000000001
3894,79.00000000000001
3895,36.19999999999999
3896,69.60000000000001
3897,61.6
3898,93.60000000000001
3899,94.30000000000001
3900,85.6
3901,84.9
3902,70.30000000000001
3903,87.70000000000002
3904,70.30000000000001
3905,95.70000000000003
3906,84.90000000000002
3907,71.00000000000001
3908,111.70000000000002
3909,95.00000000000003
3910,71.00000000000001
3911,78.3
3912,62.30000000000001
3913,101.60000000000001
3914,69.60000000000001
3915,87.00000000000001
3916,84.9
3917,92.9
3918,47.00000000000001
3919,77.60000000000001
3920,87.00000000000001
3921,84.9
3922,61.60000000000001
3923,71.00000000000001
3924,72.4
3925,76.9
3926,76.2
3927,68.9
3928,100.9
3929,60.20000000000001
3930,80.40000000000002
3931,79.70000000000002
3932,81.80000000000003
3933,90.50000000000003
3934,31.700000000000003
3935,95.70000000000002
3936,86.30000000000001
3937,127.70000000000002
3938,81.80000000000003
3939,65.10000000000002
3940,102.30000000000001
3941,97.10000000000002
3942,79.70000000000002
3943,57.10000000000001
3944,55.70000000000002
3945,112.40000000000002
3946,55.0
3947,113.10000000000002
3948,79.70000000000002
3949,86.3
3950,103.00000000000001
3951,63.00000000000001
3952,81.10000000000002
3953,47.70000000000001
3954,103.00000000000003
3955,87.70000000000003
3956,101.60000000000001
3957,63.000000000000014
3958,61.60000000000001
3959,95.00000000000001
3960,94.30000000000001
3961,65.10000000000001
3962,77.60000000000002
3963,52.2
3964,87.70000000000002
3965,68.9
3966,60.2
3967,96.40000000000002
3968,87.00000000000001
3969,97.80000000000003
3970,79.70000000000002
3971,87.0
3972,78.30000000000001
3973,79.00000000000001
3974,86.30000000000001
3975,100.2
3976,73.80000000000003
3977,98.50000000000003
3978,74.50000000000001
3979,73.10000000000002
3980,105.10000000000001
3981,83.90000000000003
3982,56.40000000000003
3983,93.30000000000003
3984,82.50000000000003
3985,73.80000000000001
3986,89.10000000000002
3987,97.80000000000003
3988,59.20000000000001
3989,106.50000000000001
3990,53.300000000000004
3991,57.80000000000002
3992,88.40000000000002
3993,67.20000000000003
3994,137.10000000000002
3995,88.40000000000002
3996,81.10000000000001
3997,89.80000000000003
3998,87.00000000000001
3999,64.40000000000002
4000,119.70000000000003
4001,79.00000000000001
4002,81.10000000000001
4003,63.000000000000014
4004,55.00000000000001
4005,103.00000000000001
4006,87.00000000000001
4007,30.299999999999994
4008,86.30000000000001
4009,86.30000000000001
4010,70.30000000000001
4011,95.00000000000003
4012,101.60000000000001
4013,42.50000000000001
4014,87.00000000000001
4015,117.60000000000001
4016,96.40000000000002
4017,103.70000000000002
4018,65.10000000000001
4019,81.80000000000003
4020,89.80000000000001
4021,83.20000000000002
4022,61.60000000000001
4023,79.00000000000001
4024,71.70000000000002
4025,97.80000000000003
4026,98.50000000000003
4027,65.10000000000001
4028,64.40000000000002
4029,79.00000000000001
4030,88.40000000000002
4031,69.60000000000001
4032,44.2
4033,111.70000000000002
4034,63.70000000000001
4035,57.100000000000016
4036,84.90000000000002
4037,64.4
4038,62.30000000000001
4039,80.4
4040,55.7
4041,65.10000000000001
4042,73.10000000000002
4043,49.10000000000001
4044,79.70000000000002
4045,73.10000000000001
4046,74.50000000000001
4047,104.4
4048,55.7
4049,95.70000000000002
4050,41.10000000000001
4051,56.40000000000001
4052,80.4
4053,54.3
4054,87.70000000000002
4055,50.500000000000014
4056,75.90000000000002
4057,115.20000000000002
4058,49.100000000000016
4059,80.40000000000002
4060,81.10000000000001
4061,57.10000000000001
4062,74.50000000000003
4063,65.80000000000003
4064,104.40000000000002
4065,71.70000000000002
4066,79.7
4067,88.4
4068,66.5
4069,73.80000000000003
4070,57.10000000000001
4071,57.800000000000026
4072,81.10000000000002
4073,65.80000000000003
4074,83.90000000000002
4075,89.10000000000002
4076,70.30000000000001
4077,75.90000000000002
4078,98.50000000000001
4079,97.80000000000003
4080,105.80000000000003
4081,97.10000000000004
4082,65.80000000000003
4083,89.80000000000003
4084,81.10000000000002
4085,73.80000000000003
4086,111.70000000000003
4087,89.80000000000003
4088,66.50000000000001
4089,57.80000000000001
4090,49.80000000000001
4091,83.90000000000002
4092,49.100000000000016
4093,115.20000000000003
4094,95.00000000000001
4095,106.50000000000003
4096,81.10000000000002
4097,75.90000000000002
4098,65.10000000000002
4099,99.20000000000002
4100,55.70000000000001
4101,97.80000000000003
4102,115.20000000000002
4103,73.80000000000003
4104,66.50000000000001
4105,104.40000000000002
4106,114.50000000000004
4107,80.40000000000002
4108,35.89999999999999
4109,67.20000000000002
4110,91.90000000000002
4111,89.10000000000002
4112,58.50000000000003
4113,57.10000000000001
4114,97.10000000000002
4115,74.50000000000003
4116,63.7
4117,65.80000000000003
4118,81.80000000000003
4119,107.20000000000003
4120,73.80000000000001
4121,81.80000000000001
4122,79.70000000000002
4123,73.80000000000003
4124,73.80000000000003
4125,65.80000000000001
4126,81.80000000000003
4127,83.90000000000002
4128,57.10000000000001
4129,106.50000000000004
4130,98.50000000000003
4131,120.40000000000002
4132,80.4
4133,107.20000000000003
4134,64.40000000000002
4135,49.10000000000001
4136,75.20000000000002
4137,114.50000000000003
4138,100.60000000000004
4139,97.80000000000003
4140,115.20000000000003
4141,72.40000000000002
4142,51.200000000000024
4143,58.50000000000002
4144,114.50000000000004
4145,105.10000000000002
4146,63.70000000000002
4147,99.20000000000003
4148,81.80000000000003
4149,74.50000000000003
4150,105.80000000000004
4151,65.80000000000001
4152,87.70000000000002
4153,83.90000000000002
4154,88.40000000000002
4155,106.50000000000003
4156,81.80000000000003
4157,73.80000000000003
4158,105.10000000000002
4159,97.80000000000003
4160,97.80000000000001
4161,74.50000000000001
4162,79.70000000000002
4163,81.80000000000003
4164,74.50000000000003
4165,73.80000000000003
4166,83.90000000000003
4167,90.50000000000001
4168,50.500000000000014
4169,75.9
4170,89.80000000000001
4171,82.50000000000003
4172,97.80000000000003
4173,66.50000000000003
4174,88.40000000000002
4175,105.80000000000003
4176,51.90000000000001
4177,107.20000000000003
4178,91.20000000000002
4179,90.50000000000001
4180,120.40000000000002
4181,75.90000000000002
4182,67.20000000000003
4183,95.70000000000002
4184,98.50000000000003
4185,81.80000000000001
4186,99.20000000000002
4187,66.50000000000001
4188,72.40000000000002
4189,105.80000000000003
4190,80.40000000000002
4191,73.80000000000003
4192,144.4
4193,65.80000000000001
4194,75.20000000000002
4195,83.90000000000003
4196,106.50000000000003
4197,97.80000000000001
4198,91.20000000000002
4199,47.70000000000001
4200,72.4
4201,86.30000000000003
4202,79.70000000000002
4203,57.10000000000002
4204,62.30000000000001
4205,96.40000000000002
4206,111.00000000000001
4207,56.400000000000006
4208,88.40000000000002
4209,56.40000000000002
4210,58.500000000000014
4211,97.10000000000002
4212,103.00000000000001
4213,65.10000000000001
4214,79.70000000000002
4215,95.00000000000003
4216,87.70000000000002
4217,75.2
4218,102.30000000000001
4219,99.90000000000002
4220,57.100000000000016
4221,84.9
4222,80.40000000000002
4223,81.10000000000002
4224,65.10000000000002
4225,111.00000000000001
4226,121.80000000000003
4227,89.80000000000003
4228,107.20000000000003
4229,72.40000000000002
4230,97.80000000000003
4231,89.10000000000004
4232,65.80000000000001
4233,57.80000000000001
4234,115.20000000000003
4235,79.70000000000002
4236,71.00000000000001
4237,59.90000000000003
4238,63.70000000000002
4239,74.50000000000003
4240,80.40000000000002
4241,79.70000000000002
4242,91.20000000000002
4243,97.10000000000001
4244,96.40000000000002
4245,86.30000000000001
4246,87.00000000000001
4247,79.70000000000002
4248,79.70000000000002
4249,85.60000000000001
4250,71.0
4251,95.00000000000001
4252,39.69999999999999
4253,84.9
4254,89.10000000000002
4255,56.400000000000006
4256,95.70000000000002
4257,94.30000000000001
4258,101.60000000000001
4259,100.9
4260,95.00000000000001
4261,102.30000000000001
4262,74.50000000000003
4263,60.2
4264,87.70000000000002
4265,109.60000000000002
4266,77.60000000000001
4267,102.30000000000001
4268,95.70000000000002
4269,63.7
4270,71.70000000000002
4271,95.00000000000001
4272,47.7
4273,55.0
4274,48.400000000000006
4275,73.80000000000003
4276,96.40000000000002
4277,105.80000000000003
4278,106.50000000000003
4279,98.50000000000003
4280,46.30000000000001
4281,58.5
4282,89.10000000000002
4283,92.90000000000002
4284,62.30000000000001
4285,82.50000000000003
4286,71.70000000000002
4287,48.40000000000001
4288,73.10000000000001
4289,65.10000000000001
4290,72.40000000000002
4291,111.00000000000003
4292,116.20000000000002
4293,98.50000000000003
4294,85.60000000000001
4295,92.2
4296,93.60000000000001
4297,96.40000000000002
4298,77.60000000000001
4299,71.0
4300,121.10000000000002
4301,52.2
4302,79.00000000000001
4303,63.70000000000001
4304,114.50000000000003
4305,121.80000000000004
4306,87.70000000000002
4307,64.4
4308,90.50000000000003
4309,81.10000000000002
4310,96.40000000000002
4311,113.10000000000002
4312,104.40000000000002
4313,79.00000000000001
4314,81.80000000000003
4315,121.10000000000002
4316,88.40000000000002
4317,81.80000000000003
4318,104.40000000000002
4319,80.4
4320,57.80000000000001
4321,105.80000000000003
4322,73.10000000000002
4323,73.10000000000002
4324,79.70000000000002
4325,74.50000000000001
4326,95.70000000000002
4327,54.300000000000004
4328,88.4
4329,127.00000000000001
4330,63.70000000000002
4331,97.10000000000002
4332,88.40000000000002
4333,57.10000000000001
4334,79.00000000000001
4335,95.00000000000001
4336,96.40000000000002
4337,86.30000000000001
4338,61.600000000000016
4339,136.40000000000003
4340,39.7
4341,87.70000000000002
4342,79.00000000000001
4343,90.50000000000001
4344,79.00000000000001
4345,110.30000000000003
4346,87.70000000000002
4347,97.10000000000001
4348,65.10000000000002
4349,64.4
4350,105.80000000000003
4351,88.40000000000002
4352,105.10000000000002
4353,104.4
4354,95.00000000000001
4355,66.50000000000001
4356,69.60000000000001
4357,92.9
4358,79.70000000000002
4359,55.000000000000014
4360,71.70000000000002
4361,62.30000000000001
4362,76.2
4363,83.5
4364,76.20000000000002
4365,80.4
4366,68.9
4367,73.4
4368,53.6
4369,96.40000000000002
4370,105.80000000000003
4371,70.30000000000001
4372,84.20000000000002
4373,72.40000000000002
4374,87.0
4375,85.60000000000001
4376,77.60000000000001
4377,92.20000000000002
4378,79.00000000000001
4379,70.30000000000001
4380,94.30000000000001
4381,72.40000000000002
4382,53.599999999999994
4383,88.4
4384,109.60000000000001
4385,69.60000000000001
4386,100.20000000000002
4387,62.30000000000001
4388,93.60000000000002
4389,87.00000000000001
4390,84.9
4391,92.9
4392,110.30000000000001
4393,104.40000000000002
4394,41.80000000000001
4395,102.30000000000001
4396,43.50000000000001
4397,102.30000000000001
4398,75.50000000000001
4399,69.6
4400,102.30000000000001
4401,62.30000000000001
4402,93.60000000000001
4403,65.80000000000003
4404,96.4
4405,103.00000000000001
4406,110.30000000000001
4407,78.30000000000001
4408,78.30000000000001
4409,103.70000000000002
4410,55.000000000000014
4411,77.60000000000001
4412,77.60000000000001
4413,99.50000000000001
4414,102.30000000000001
4415,95.00000000000001
4416,94.30000000000001
4417,93.60000000000001
4418,102.30000000000001
4419,87.70000000000002
4420,101.60000000000001
4421,56.40000000000002
4422,81.10000000000002
4423,118.30000000000001
4424,101.60000000000001
4425,79.70000000000002
4426,109.60000000000002
4427,76.9
4428,94.30000000000001
4429,55.70000000000001
4430,80.4
4431,70.30000000000001
4432,116.20000000000002
4433,87.70000000000002
4434,95.00000000000001
4435,57.10000000000001
4436,79.00000000000001
4437,48.40000000000002
4438,109.60000000000001
4439,96.40000000000002
4440,87.00000000000001
4441,115.90000000000003
4442,97.80000000000003
4443,57.10000000000001
4444,91.90000000000003
4445,97.80000000000003
4446,89.80000000000003
4447,98.50000000000003
4448,88.40000000000002
4449,115.20000000000003
4450,105.10000000000004
4451,81.80000000000003
4452,104.40000000000002
4453,106.50000000000003
4454,81.10000000000001
4455,95.00000000000001
4456,51.20000000000001
4457,99.20000000000003
4458,112.40000000000003
4459,87.00000000000001
4460,73.10000000000001
4461,74.50000000000003
4462,73.10000000000002
4463,123.20000000000003
4464,105.80000000000001
4465,83.20000000000003
4466,107.20000000000003
4467,98.50000000000001
4468,74.50000000000001
4469,51.90000000000002
4470,97.10000000000002
4471,103.70000000000002
4472,88.4
4473,56.40000000000002
4474,49.800000000000004
4475,72.4
4476,97.10000000000002
4477,81.10000000000002
4478,63.70000000000001
4479,25.099999999999998
4480,91.20000000000002
4481,73.80000000000003
4482,94.30000000000001
4483,65.10000000000001
4484,85.60000000000001
4485,79.70000000000002
4486,85.60000000000001
4487,103.70000000000002
4488,108.9
4489,89.80000000000003
4490,81.10000000000002
4491,79.00000000000001
4492,55.70000000000002
4493,73.10000000000001
4494,79.70000000000002
4495,120.40000000000002
4496,46.300000000000004
4497,113.80000000000003
4498,81.80000000000001
4499,101.60000000000002
4500,104.4
4501,109.60000000000001
4502,55.000000000000014
4503,87.70000000000002
4504,97.10000000000002
4505,77.60000000000002
4506,65.10000000000002
4507,97.80000000000003
4508,96.40000000000002
4509,72.40000000000002
4510,95.70000000000002
4511,87.00000000000001
4512,64.4
4513,79.70000000000002
4514,62.30000000000001
4515,54.30000000000001
4516,102.30000000000001
4517,78.30000000000001
4518,84.2
4519,78.30000000000001
4520,72.40000000000002
4521,79.00000000000001
4522,69.60000000000001
4523,76.9
4524,84.2
4525,95.0
4526,97.10000000000001
4527,83.20000000000002
4528,48.40000000000002
4529,95.00000000000001
4530,66.50000000000001
4531,88.40000000000002
4532,79.00000000000003
4533,93.60000000000002
4534,100.2
4535,102.30000000000001
4536,88.40000000000002
4537,64.4
4538,65.80000000000001
4539,80.4
4540,97.80000000000004
4541,105.10000000000002
4542,72.4
4543,55.70000000000001
4544,88.4
4545,121.10000000000002
4546,47.70000000000002
4547,72.40000000000002
4548,71.7
4549,47.700000000000024
4550,63.70000000000002
4551,97.10000000000002
4552,72.40000000000002
4553,49.100000000000016
4554,81.80000000000003
4555,65.10000000000001
4556,82.50000000000003
4557,106.50000000000003
4558,97.80000000000003
4559,91.20000000000003
4560,97.10000000000002
4561,71.7
4562,57.80000000000002
4563,90.50000000000003
4564,104.40000000000002
4565,47.0
4566,79.00000000000001
4567,76.9
4568,71.00000000000001
4569,84.90000000000002
4570,79.00000000000001
4571,93.60000000000001
4572,101.60000000000001
4573,89.10000000000004
4574,84.9
4575,77.60000000000001
4576,62.30000000000001
4577,90.50000000000003
4578,97.10000000000002
4579,70.30000000000001
4580,77.60000000000001
4581,79.70000000000002
4582,62.3
4583,93.60000000000001
4584,71.00000000000001
4585,85.60000000000001
4586,60.2
4587,76.9
4588,109.60000000000001
4589,55.000000000000014
4590,69.6
4591,95.00000000000001
4592,68.9
4593,78.30000000000001
4594,76.9
4595,98.10000000000001
4596,98.10000000000001
4597,44.900000000000006
4598,69.60000000000001
4599,94.3
4600,75.5
4601,72.7
4602,70.30000000000001
4603,69.6
4604,55.00000000000001
4605,109.60000000000001
4606,88.4
4607,91.5
4608,76.9
4609,106.80000000000001
4610,91.5
4611,88.40000000000002
4612,77.60000000000002
4613,98.50000000000003
4614,98.50000000000003
4615,111.70000000000002
4616,106.50000000000003
4617,91.20000000000002
4618,108.9
4619,75.90000000000002
4620,40.400000000000006
4621,73.80000000000001
4622,121.10000000000002
4623,93.60000000000002
4624,95.00000000000001
4625,64.4
4626,92.60000000000004
4627,88.40000000000002
4628,105.80000000000003
4629,65.10000000000002
4630,73.80000000000001
4631,122.50000000000003
4632,96.40000000000002
4633,113.80000000000003
4634,65.80000000000001
4635,70.30000000000001
4636,82.50000000000001
4637,138.5
4638,81.10000000000001
4639,72.4
4640,65.10000000000002
4641,81.10000000000001
4642,80.40000000000002
4643,66.50000000000001
4644,74.50000000000001
4645,113.80000000000003
4646,97.10000000000002
4647,66.50000000000003
4648,73.10000000000002
4649,41.10000000000001
4650,87.70000000000002
4651,89.10000000000002
4652,74.50000000000001
4653,89.10000000000002
4654,81.10000000000004
4655,81.80000000000001
4656,72.4
4657,79.7
4658,70.30000000000001
4659,70.30000000000001
4660,103.70000000000002
4661,60.900000000000006
4662,72.40000000000002
4663,110.30000000000003
4664,46.3
4665,84.9
4666,101.60000000000002
4667,100.9
4668,38.3
4669,95.70000000000002
4670,79.00000000000001
4671,71.70000000000002
4672,84.2
4673,70.30000000000001
4674,70.3
4675,77.60000000000001
4676,71.7
4677,101.60000000000001
4678,76.2
4679,77.60000000000001
4680,69.60000000000002
4681,87.70000000000002
4682,102.30000000000001
4683,87.70000000000002
4684,93.60000000000001
4685,92.90000000000002
4686,96.7
4687,140.20000000000002
4688,100.9
4689,74.8
4690,58.1
4691,56.7
4692,99.50000000000001
4693,64.0
4694,90.8
4695,74.8
4696,91.5
4697,109.60000000000001
4698,81.4
4699,75.5
4700,101.60000000000001
4701,78.30000000000001
4702,113.80000000000003
4703,96.40000000000002
4704,94.30000000000001
4705,93.60000000000001
4706,85.60000000000001
4707,61.60000000000001
4708,125.60000000000001
4709,63.7
4710,84.9
4711,94.30000000000001
4712,101.60000000000001
4713,86.30000000000003
4714,96.40000000000003
4715,98.50000000000003
4716,90.50000000000003
4717,72.40000000000002
4718,83.20000000000002
4719,80.40000000000003
4720,66.50000000000001
4721,82.50000000000003
4722,123.20000000000003
4723,82.50000000000003
4724,73.80000000000001
4725,65.80000000000003
4726,75.20000000000002
4727,89.80000000000004
4728,82.50000000000001
4729,83.90000000000002
4730,75.20000000000002
4731,106.50000000000003
4732,98.50000000000001
4733,71.0
4734,69.60000000000001
4735,95.00000000000001
4736,87.00000000000001
4737,108.9
4738,94.30000000000001
4739,71.70000000000002
4740,86.30000000000001
4741,63.000000000000014
4742,79.00000000000001
4743,116.2
4744,111.00000000000001
4745,78.30000000000001
4746,141.60000000000002
4747,87.00000000000001
4748,94.30000000000001
4749,92.20000000000002
4750,55.00000000000001
4751,88.40000000000002
4752,52.90000000000001
4753,52.9
4754,102.30000000000001
4755,96.40000000000002
4756,72.40000000000002
4757,78.30000000000001
4758,90.50000000000001
4759,79.70000000000002
4760,80.40000000000002
4761,105.80000000000003
4762,107.90000000000003
4763,90.5
4764,121.80000000000003
4765,74.50000000000001
4766,99.90000000000002
4767,67.20000000000002
4768,90.50000000000001
4769,82.50000000000003
4770,90.50000000000003
4771,41.1
4772,129.10000000000002
4773,57.100000000000016
4774,82.50000000000003
4775,99.20000000000002
4776,73.80000000000001
4777,74.50000000000001
4778,83.90000000000002
4779,79.70000000000002
4780,73.10000000000002
4781,97.80000000000003
4782,106.50000000000003
4783,59.20000000000002
4784,83.90000000000002
4785,90.50000000000001
4786,71.70000000000002
4787,57.80000000000001
4788,106.50000000000003
4789,89.80000000000003
4790,95.7
4791,95.70000000000002
4792,58.50000000000001
4793,99.20000000000003
4794,114.50000000000003
4795,99.20000000000003
4796,81.10000000000002
4797,88.40000000000002
4798,102.30000000000001
4799,42.50000000000001
4800,101.30000000000003
4801,90.50000000000003
4802,95.00000000000001
4803,98.50000000000003
4804,110.30000000000001
4805,87.70000000000002
4806,87.70000000000002
4807,59.900000000000034
4808,65.10000000000001
4809,102.30000000000003
4810,88.40000000000002
4811,96.40000000000002
4812,71.70000000000002
4813,85.60000000000001
4814,87.00000000000001
4815,49.099999999999994
4816,93.60000000000001
4817,103.00000000000001
4818,73.10000000000001
4819,94.30000000000001
4820,89.10000000000002
4821,64.40000000000002
4822,57.100000000000016
4823,85.60000000000001
4824,86.30000000000003
4825,63.000000000000014
4826,86.30000000000001
4827,87.00000000000001
4828,88.40000000000002
4829,69.60000000000001
4830,79.70000000000002
4831,86.30000000000001
4832,68.9
4833,48.4
4834,86.30000000000001
4835,9.099999999999998
4836,88.40000000000002
4837,82.50000000000003
4838,73.10000000000001
4839,82.50000000000001
4840,97.80000000000001
4841,73.80000000000001
4842,114.50000000000003
4843,81.80000000000003
4844,64.40000000000002
4845,57.10000000000003
4846,80.40000000000002
4847,49.80000000000001
4848,46.30000000000001
4849,92.9
4850,106.1
4851,49.4
4852,76.2
4853,52.60000000000001
4854,78.30000000000001
4855,73.10000000000001
4856,79.00000000000001
4857,49.80000000000001
4858,66.1
4859,87.00000000000001
4860,82.8
4861,90.50000000000003
4862,58.800000000000004
4863,85.60000000000001
4864,65.80000000000003
4865,106.50000000000003
4866,69.60000000000001
4867,55.7
4868,93.60000000000001
4869,73.10000000000001
4870,80.40000000000002
4871,73.80000000000003
4872,96.40000000000002
4873,68.9
4874,53.60000000000001
4875,53.60000000000001
4876,102.30000000000003
4877,65.80000000000001
4878,65.10000000000001
4879,71.70000000000002
4880,67.20000000000002
4881,88.40000000000002
4882,65.80000000000001
4883,66.50000000000001
4884,73.80000000000001
4885,83.90000000000002
4886,58.50000000000001
4887,74.50000000000001
4888,90.50000000000003
4889,95.70000000000002
4890,113.80000000000004
4891,64.4
4892,89.80000000000004
4893,104.40000000000002
4894,98.50000000000003
4895,96.40000000000002
4896,107.20000000000003
4897,122.50000000000003
4898,123.20000000000003
4899,57.80000000000002
4900,16.399999999999995
4901,91.90000000000002
4902,80.40000000000002
4903,73.80000000000003
4904,81.80000000000001
4905,103.70000000000002
4906,74.50000000000003
4907,33.099999999999994
4908,81.80000000000003
4909,78.30000000000001
4910,113.80000000000003
4911,82.50000000000003
4912,73.10000000000001
4913,81.80000000000003
4914,98.50000000000003
4915,97.80000000000003
4916,103.00000000000001
4917,81.80000000000003
4918,95.70000000000002
4919,113.80000000000003
4920,71.70000000000002
4921,71.70000000000002
4922,65.80000000000001
4923,71.00000000000001
4924,77.60000000000001
4925,60.900000000000006
4926,60.20000000000001
4927,60.2
4928,100.90000000000002
4929,76.9
4930,36.9
4931,42.500000000000014
4932,100.90000000000002
4933,38.300000000000004
4934,99.20000000000003
4935,65.80000000000001
4936,121.10000000000002
4937,56.40000000000002
4938,75.5
4939,78.30000000000003
4940,65.1
4941,88.40000000000002
4942,59.20000000000001
4943,75.20000000000002
4944,64.0
4945,88.40000000000002
4946,82.80000000000001
4947,71.00000000000003
4948,47.7
4949,67.5
4950,77.60000000000001
4951,74.50000000000001
4952,94.30000000000001
4953,54.30000000000001
4954,95.70000000000002
4955,91.20000000000003
4956,61.60000000000001
4957,70.30000000000001
4958,51.20000000000002
4959,105.80000000000001
4960,71.00000000000003
4961,73.80000000000001
4962,55.00000000000001
4963,47.0
4964,76.9
4965,110.30000000000001
4966,72.40000000000002
4967,111.00000000000001
4968,73.80000000000003
4969,88.40000000000002
4970,81.80000000000001
4971,127.70000000000002
4972,46.30000000000001
4973,101.60000000000001
4974,68.9
4975,96.40000000000002
4976,111.00000000000001
4977,102.30000000000001
4978,79.00000000000001
4979,87.70000000000002
4980,94.30000000000001
4981,102.30000000000001
4982,95.00000000000001
4983,71.00000000000001
4984,100.90000000000002
4985,101.60000000000002
4986,79.00000000000001
4987,72.4
4988,126.30000000000001
4989,46.300000000000004
4990,70.30000000000001
4991,85.60000000000001
4992,61.60000000000001
4993,88.4
4994,88.40000000000002
4995,146.5
4996,86.30000000000003
4997,69.60000000000001
4998,47.70000000000001
4999,73.10000000000001
5000,87.70000000000002
