episode,total_reward
1,102.70000000000003
2,37.99999999999999
3,86.00000000000003
4,61.30000000000001
5,66.50000000000001
6,71.40000000000003
7,94.70000000000003
8,102.00000000000004
9,46.700000000000024
10,105.80000000000004
11,94.70000000000005
12,68.60000000000001
13,110.00000000000003
14,63.400000000000006
15,105.10000000000002
16,78.00000000000004
17,61.30000000000003
18,102.00000000000004
19,67.20000000000002
20,76.60000000000004
21,70.70000000000002
22,55.40000000000001
23,63.000000000000014
24,107.20000000000003
25,91.20000000000003
26,102.00000000000004
27,70.00000000000004
28,109.30000000000003
29,91.20000000000003
30,76.60000000000002
31,23.399999999999988
32,98.50000000000001
33,92.60000000000002
34,19.899999999999995
35,111.40000000000005
36,119.40000000000003
37,61.300000000000026
38,83.20000000000002
39,89.80000000000003
40,94.00000000000004
41,118.70000000000005
42,46.7
43,78.00000000000004
44,65.80000000000003
45,30.699999999999996
46,73.10000000000002
47,112.10000000000004
48,102.70000000000005
49,54.70000000000002
50,90.50000000000001
51,70.70000000000003
52,79.40000000000003
53,57.10000000000001
54,76.60000000000002
55,78.70000000000005
56,100.60000000000004
57,78.70000000000003
58,70.70000000000003
59,96.40000000000002
60,94.70000000000003
61,64.80000000000003
62,70.70000000000005
63,91.90000000000002
64,115.20000000000003
65,114.50000000000003
66,100.60000000000004
67,91.20000000000003
68,92.60000000000002
69,72.80000000000003
70,70.70000000000003
71,80.80000000000004
72,102.70000000000005
73,89.80000000000001
74,51.20000000000002
75,86.00000000000003
76,61.30000000000003
77,95.40000000000003
78,62.70000000000005
79,91.20000000000003
80,78.00000000000004
81,101.30000000000004
82,101.30000000000003
83,70.70000000000002
84,105.80000000000003
85,86.00000000000004
86,94.00000000000004
87,83.20000000000002
88,85.30000000000001
89,71.40000000000003
90,79.40000000000003
91,91.90000000000003
92,84.60000000000004
93,92.60000000000004
94,85.30000000000003
95,82.50000000000001
96,77.30000000000004
97,94.70000000000005
98,78.70000000000003
99,72.80000000000003
100,63.40000000000004
101,112.10000000000004
102,94.00000000000004
103,98.50000000000001
104,32.099999999999994
105,90.50000000000001
106,64.10000000000004
107,77.30000000000003
108,80.80000000000004
109,82.50000000000003
110,35.9
111,53.30000000000001
112,71.40000000000003
113,70.00000000000004
114,70.00000000000003
115,63.400000000000034
116,70.70000000000002
117,91.90000000000003
118,101.30000000000003
119,116.60000000000002
120,68.60000000000004
121,81.10000000000001
122,46.000000000000036
123,54.70000000000003
124,72.80000000000004
125,62.70000000000005
126,82.50000000000001
127,109.30000000000004
128,62.00000000000003
129,99.90000000000002
130,109.30000000000004
131,87.40000000000003
132,61.30000000000002
133,109.30000000000004
134,75.90000000000003
135,38.00000000000002
136,63.40000000000002
137,44.60000000000001
138,77.30000000000003
139,81.10000000000002
140,77.30000000000004
141,63.40000000000002
142,48.80000000000002
143,46.00000000000003
144,52.600000000000016
145,77.30000000000004
146,96.10000000000004
147,60.60000000000002
148,71.70000000000002
149,61.300000000000026
150,72.80000000000003
151,87.40000000000003
152,70.70000000000002
153,99.20000000000003
154,83.20000000000002
155,72.10000000000005
156,30.699999999999996
157,72.10000000000005
158,108.60000000000004
159,78.00000000000001
160,60.60000000000003
161,74.50000000000003
162,60.60000000000002
163,62.00000000000002
164,106.50000000000003
165,84.60000000000004
166,78.70000000000005
167,32.79999999999999
168,102.70000000000005
169,46.70000000000001
170,123.90000000000002
171,69.30000000000001
172,70.70000000000002
173,79.4
174,115.20000000000003
175,46.70000000000001
176,40.80000000000001
177,128.80000000000004
178,67.20000000000002
179,73.80000000000003
180,77.30000000000004
181,86.70000000000003
182,115.90000000000003
183,64.80000000000004
184,56.400000000000006
185,67.90000000000003
186,107.20000000000003
187,80.40000000000002
188,75.20000000000003
189,55.400000000000034
190,107.20000000000002
191,107.20000000000003
192,63.40000000000003
193,114.50000000000003
194,78.70000000000005
195,105.80000000000003
196,88.10000000000004
197,86.70000000000005
198,54.00000000000001
199,59.900000000000034
200,102.00000000000003
201,86.00000000000003
202,118.70000000000003
203,72.10000000000001
204,44.6
205,70.70000000000003
206,37.30000000000001
207,53.300000000000004
208,123.90000000000003
209,77.30000000000003
210,68.60000000000002
211,110.00000000000004
212,95.70000000000003
213,134.00000000000003
214,78.70000000000002
215,69.30000000000003
216,94.00000000000004
217,92.60000000000004
218,112.40000000000002
219,87.40000000000002
220,37.99999999999999
221,110.70000000000003
222,54.000000000000036
223,104.80000000000004
224,78.70000000000003
225,69.30000000000003
226,44.6
227,72.10000000000002
228,76.60000000000004
229,38.000000000000014
230,127.40000000000005
231,54.70000000000001
232,78.00000000000003
233,113.80000000000001
234,86.70000000000003
235,74.50000000000003
236,93.30000000000001
237,86.70000000000005
238,54.700000000000024
239,91.20000000000003
240,104.10000000000004
241,94.70000000000005
242,73.80000000000003
243,53.300000000000004
244,91.90000000000003
245,75.2
246,68.60000000000004
247,85.30000000000004
248,89.80000000000001
249,63.40000000000005
250,86.70000000000005
251,59.900000000000006
252,101.30000000000004
253,53.30000000000004
254,116.60000000000004
255,62.700000000000024
256,71.40000000000002
257,70.70000000000002
258,63.40000000000005
259,60.60000000000004
260,99.90000000000002
261,86.70000000000003
262,60.60000000000004
263,85.30000000000004
264,77.30000000000004
265,59.900000000000034
266,40.400000000000006
267,74.50000000000001
268,80.80000000000004
269,77.30000000000003
270,93.30000000000003
271,101.30000000000004
272,86.70000000000005
273,75.20000000000002
274,102.00000000000003
275,94.70000000000002
276,136.1
277,84.60000000000004
278,118.70000000000005
279,50.500000000000014
280,92.60000000000002
281,79.40000000000003
282,77.30000000000003
283,91.20000000000002
284,63.40000000000003
285,62.700000000000045
286,54.00000000000004
287,69.30000000000004
288,88.40000000000002
289,87.40000000000003
290,92.60000000000002
291,53.30000000000002
292,86.70000000000003
293,62.70000000000003
294,70.70000000000005
295,101.30000000000003
296,78.70000000000005
297,112.10000000000005
298,93.30000000000004
299,69.30000000000001
300,101.30000000000003
301,77.30000000000003
302,115.20000000000002
303,29.999999999999993
304,79.40000000000003
305,112.10000000000002
306,129.8
307,78.00000000000003
308,62.00000000000002
309,108.60000000000004
310,112.40000000000003
311,62.00000000000002
312,86.00000000000004
313,78.70000000000003
314,48.10000000000001
315,82.50000000000003
316,85.30000000000004
317,56.100000000000016
318,40.80000000000001
319,94.70000000000003
320,78.70000000000003
321,90.50000000000003
322,82.50000000000003
323,94.70000000000003
324,98.50000000000003
325,62.00000000000003
326,85.30000000000003
327,58.50000000000002
328,50.500000000000014
329,57.100000000000016
330,61.30000000000004
331,68.60000000000002
332,64.80000000000001
333,68.60000000000004
334,70.70000000000002
335,92.60000000000004
336,90.50000000000001
337,56.80000000000003
338,89.10000000000002
339,80.4
340,24.79999999999999
341,83.90000000000002
342,65.80000000000001
343,108.60000000000002
344,86.00000000000001
345,84.60000000000002
346,77.30000000000003
347,94.70000000000005
348,63.40000000000003
349,99.20000000000003
350,70.70000000000003
351,105.10000000000002
352,71.40000000000002
353,77.30000000000003
354,59.90000000000003
355,69.30000000000003
356,71.4
357,116.60000000000004
358,116.60000000000002
359,94.70000000000005
360,79.40000000000003
361,125.30000000000004
362,62.700000000000024
363,106.50000000000003
364,94.00000000000004
365,78.00000000000003
366,48.800000000000004
367,54.70000000000004
368,46.0
369,63.40000000000002
370,126.70000000000005
371,89.80000000000003
372,96.80000000000004
373,70.00000000000003
374,78.00000000000001
375,100.60000000000004
376,90.50000000000003
377,62.00000000000002
378,106.50000000000003
379,126.70000000000005
380,56.10000000000003
381,70.00000000000003
382,78.00000000000004
383,94.70000000000005
384,93.30000000000003
385,73.80000000000003
386,79.40000000000002
387,132.60000000000002
388,83.90000000000003
389,90.50000000000003
390,99.20000000000003
391,48.40000000000001
392,66.5
393,83.90000000000003
394,68.60000000000002
395,66.50000000000003
396,64.80000000000004
397,81.80000000000003
398,119.40000000000005
399,89.10000000000002
400,67.90000000000003
401,65.80000000000003
402,83.20000000000002
403,97.80000000000003
404,70.70000000000003
405,73.80000000000003
406,62.00000000000002
407,59.20000000000003
408,84.60000000000002
409,92.60000000000004
410,59.90000000000001
411,57.10000000000001
412,79.40000000000003
413,74.50000000000001
414,74.50000000000001
415,83.20000000000003
416,105.80000000000003
417,26.499999999999993
418,39.400000000000006
419,51.900000000000006
420,75.90000000000003
421,75.90000000000002
422,56.80000000000001
423,91.20000000000003
424,83.90000000000003
425,59.20000000000003
426,89.80000000000003
427,59.200000000000024
428,43.90000000000002
429,104.4
430,65.80000000000003
431,83.90000000000002
432,51.20000000000002
433,112.10000000000005
434,59.20000000000003
435,150.7
436,88.10000000000002
437,72.80000000000001
438,82.50000000000003
439,82.50000000000003
440,57.800000000000026
441,57.10000000000001
442,109.30000000000004
443,81.80000000000003
444,99.20000000000002
445,85.30000000000003
446,82.50000000000003
447,92.60000000000002
448,80.80000000000004
449,57.10000000000002
450,83.20000000000002
451,99.90000000000003
452,82.50000000000003
453,73.80000000000003
454,41.800000000000004
455,83.90000000000002
456,59.2
457,82.50000000000003
458,58.50000000000003
459,43.20000000000002
460,91.20000000000002
461,81.80000000000003
462,83.90000000000002
463,88.10000000000002
464,126.00000000000004
465,75.20000000000003
466,65.10000000000002
467,35.199999999999996
468,122.50000000000003
469,87.40000000000003
470,76.60000000000001
471,76.60000000000004
472,92.60000000000004
473,97.10000000000002
474,75.90000000000002
475,89.80000000000003
476,90.50000000000001
477,67.20000000000003
478,67.90000000000002
479,107.20000000000003
480,112.80000000000004
481,67.20000000000003
482,72.10000000000004
483,94.00000000000003
484,88.40000000000002
485,99.90000000000002
486,67.20000000000002
487,42.5
488,51.900000000000006
489,99.20000000000003
490,70.00000000000003
491,86.00000000000003
492,107.90000000000002
493,123.20000000000003
494,60.60000000000003
495,120.10000000000005
496,69.30000000000003
497,66.50000000000003
498,115.20000000000002
499,59.90000000000003
500,82.50000000000003
501,69.30000000000003
502,52.600000000000016
503,83.20000000000003
504,81.80000000000001
505,68.60000000000002
506,91.20000000000003
507,83.90000000000002
508,75.90000000000002
509,83.20000000000003
510,90.50000000000003
511,59.90000000000003
512,59.20000000000001
513,86.00000000000003
514,66.50000000000003
515,91.20000000000003
516,67.90000000000002
517,99.90000000000003
518,50.50000000000003
519,107.90000000000003
520,92.60000000000002
521,93.30000000000003
522,51.90000000000002
523,90.50000000000003
524,89.80000000000003
525,50.500000000000014
526,47.40000000000003
527,42.5
528,106.50000000000001
529,11.199999999999996
530,61.300000000000026
531,81.80000000000003
532,66.50000000000001
533,51.20000000000002
534,66.50000000000003
535,78.00000000000004
536,75.20000000000002
537,104.10000000000004
538,54.70000000000004
539,69.30000000000001
540,81.80000000000003
541,91.20000000000003
542,75.20000000000003
543,73.80000000000001
544,96.80000000000004
545,87.40000000000003
546,59.900000000000034
547,107.90000000000003
548,75.20000000000002
549,83.20000000000003
550,131.20000000000002
551,107.90000000000003
552,50.50000000000001
553,93.30000000000003
554,130.5
555,65.80000000000003
556,94.70000000000003
557,27.9
558,103.70000000000002
559,59.20000000000001
560,75.2
561,74.50000000000001
562,65.80000000000001
563,98.50000000000003
564,75.20000000000002
565,81.10000000000001
566,62.00000000000003
567,83.90000000000002
568,67.90000000000003
569,116.60000000000002
570,82.50000000000003
571,82.50000000000003
572,58.50000000000003
573,83.90000000000003
574,91.20000000000002
575,43.20000000000001
576,35.2
577,110.70000000000003
578,83.20000000000002
579,123.20000000000003
580,93.30000000000003
581,90.50000000000003
582,93.30000000000003
583,88.80000000000003
584,42.50000000000001
585,70.70000000000003
586,81.10000000000002
587,95.40000000000003
588,116.60000000000004
589,76.60000000000004
590,87.40000000000003
591,109.30000000000004
592,42.50000000000001
593,52.60000000000001
594,90.50000000000003
595,82.50000000000001
596,94.70000000000002
597,95.40000000000003
598,110.70000000000003
599,107.90000000000003
600,83.20000000000003
601,75.90000000000003
602,101.30000000000004
603,83.9
604,83.20000000000003
605,65.80000000000003
606,83.20000000000003
607,80.80000000000003
608,67.20000000000002
609,91.20000000000002
610,84.60000000000004
611,51.20000000000001
612,76.60000000000001
613,72.80000000000003
614,115.20000000000002
615,113.10000000000004
616,64.10000000000002
617,114.50000000000003
618,59.900000000000034
619,91.20000000000002
620,115.20000000000003
621,72.80000000000003
622,58.5
623,45.300000000000026
624,77.30000000000003
625,99.90000000000003
626,86.00000000000003
627,81.80000000000001
628,106.50000000000003
629,75.20000000000002
630,93.30000000000004
631,51.90000000000002
632,120.10000000000005
633,43.900000000000034
634,57.80000000000001
635,99.90000000000003
636,123.20000000000003
637,84.60000000000001
638,84.60000000000002
639,36.6
640,50.50000000000003
641,76.60000000000002
642,91.90000000000002
643,66.50000000000003
644,115.90000000000003
645,101.30000000000003
646,35.900000000000006
647,70.0
648,75.20000000000002
649,83.20000000000002
650,51.20000000000001
651,83.90000000000003
652,99.20000000000003
653,52.60000000000003
654,81.80000000000003
655,73.10000000000002
656,44.600000000000016
657,66.50000000000001
658,115.90000000000003
659,93.30000000000004
660,88.40000000000002
661,68.60000000000004
662,66.50000000000001
663,101.30000000000003
664,66.50000000000004
665,75.90000000000003
666,90.50000000000003
667,75.20000000000003
668,35.900000000000006
669,83.20000000000002
670,75.90000000000002
671,75.90000000000003
672,59.90000000000001
673,35.200000000000024
674,72.10000000000002
675,60.60000000000001
676,29.299999999999997
677,91.90000000000003
678,98.50000000000003
679,62.00000000000002
680,125.30000000000004
681,107.90000000000003
682,98.50000000000003
683,82.50000000000003
684,72.40000000000002
685,107.90000000000003
686,94.00000000000003
687,91.20000000000003
688,99.90000000000003
689,67.20000000000002
690,35.2
691,78.00000000000001
692,88.40000000000002
693,57.100000000000016
694,52.600000000000016
695,67.20000000000002
696,79.40000000000003
697,100.60000000000004
698,65.1
699,92.60000000000002
700,79.40000000000003
701,58.50000000000001
702,97.80000000000003
703,99.90000000000002
704,112.10000000000005
705,56.80000000000003
706,83.90000000000003
707,93.30000000000003
708,67.20000000000003
709,74.50000000000001
710,72.10000000000004
711,70.7
712,87.40000000000005
713,59.200000000000024
714,91.90000000000002
715,83.90000000000003
716,94.70000000000003
717,50.500000000000014
718,32.4
719,102.00000000000004
720,75.20000000000002
721,64.80000000000001
722,90.50000000000001
723,99.90000000000003
724,61.300000000000026
725,91.90000000000002
726,43.900000000000006
727,91.20000000000003
728,58.500000000000014
729,51.900000000000006
730,43.900000000000006
731,46.70000000000002
732,20.6
733,113.10000000000002
734,50.500000000000014
735,43.900000000000006
736,58.50000000000002
737,51.90000000000004
738,71.40000000000005
739,91.20000000000003
740,97.80000000000003
741,40.100000000000016
742,77.30000000000004
743,96.10000000000005
744,90.50000000000001
745,110.70000000000003
746,101.30000000000004
747,91.90000000000003
748,59.20000000000001
749,58.500000000000014
750,102.00000000000004
751,37.999999999999986
752,83.20000000000003
753,106.50000000000001
754,83.20000000000002
755,91.20000000000003
756,117.30000000000003
757,101.30000000000004
758,57.10000000000001
759,67.20000000000002
760,76.60000000000002
761,34.5
762,51.90000000000002
763,50.50000000000003
764,67.20000000000002
765,99.20000000000003
766,48.80000000000002
767,90.50000000000003
768,69.30000000000001
769,75.90000000000002
770,59.20000000000002
771,99.90000000000002
772,81.80000000000003
773,74.50000000000001
774,34.5
775,108.60000000000004
776,53.30000000000001
777,80.80000000000004
778,52.60000000000003
779,86.00000000000003
780,89.10000000000001
781,75.90000000000002
782,88.10000000000004
783,32.8
784,99.90000000000003
785,43.2
786,70.70000000000005
787,86.70000000000003
788,96.80000000000004
789,80.10000000000002
790,78.00000000000001
791,86.00000000000003
792,80.80000000000003
793,73.8
794,73.80000000000003
795,70.70000000000002
796,90.50000000000001
797,110.00000000000003
798,99.20000000000003
799,90.50000000000003
800,54.70000000000003
801,94.70000000000005
802,71.40000000000003
803,47.40000000000003
804,64.10000000000002
805,89.80000000000003
806,85.30000000000003
807,61.30000000000001
808,102.00000000000003
809,99.90000000000002
810,98.50000000000003
811,131.20000000000002
812,101.30000000000003
813,83.2
814,86.70000000000003
815,54.000000000000036
816,69.30000000000003
817,70.00000000000003
818,78.70000000000005
819,102.00000000000003
820,127.40000000000005
821,39.4
822,45.30000000000002
823,70.70000000000002
824,59.20000000000002
825,72.10000000000005
826,56.400000000000006
827,75.90000000000003
828,72.80000000000003
829,107.90000000000002
830,99.90000000000003
831,81.80000000000001
832,70.00000000000003
833,121.10000000000002
834,121.10000000000002
835,77.30000000000001
836,85.30000000000004
837,64.10000000000004
838,60.600000000000044
839,47.40000000000001
840,85.30000000000003
841,68.60000000000002
842,108.60000000000004
843,109.30000000000004
844,88.80000000000003
845,77.30000000000001
846,73.10000000000001
847,61.300000000000026
848,100.60000000000004
849,70.70000000000003
850,28.599999999999994
851,83.20000000000002
852,94.00000000000004
853,81.80000000000003
854,107.90000000000003
855,121.80000000000003
856,98.50000000000001
857,81.80000000000003
858,91.20000000000003
859,111.40000000000003
860,66.50000000000003
861,58.50000000000003
862,70.00000000000003
863,102.00000000000003
864,75.20000000000002
865,87.40000000000003
866,60.6
867,59.2
868,64.80000000000004
869,59.20000000000003
870,83.20000000000002
871,96.10000000000004
872,88.40000000000003
873,99.20000000000002
874,104.40000000000002
875,51.20000000000003
876,78.70000000000002
877,65.80000000000003
878,51.90000000000001
879,79.40000000000003
880,49.8
881,81.10000000000001
882,77.30000000000003
883,97.80000000000003
884,120.10000000000005
885,87.40000000000003
886,65.10000000000001
887,67.90000000000002
888,107.20000000000002
889,81.80000000000003
890,58.500000000000014
891,72.10000000000002
892,99.20000000000003
893,99.20000000000003
894,106.50000000000003
895,50.50000000000002
896,51.20000000000001
897,90.50000000000003
898,43.90000000000001
899,98.50000000000003
900,108.60000000000002
901,42.50000000000003
902,95.40000000000005
903,35.89999999999999
904,121.80000000000003
905,70.00000000000003
906,73.10000000000001
907,117.30000000000005
908,79.40000000000002
909,99.20000000000003
910,62.000000000000036
911,85.30000000000004
912,77.30000000000001
913,83.90000000000003
914,63.40000000000002
915,83.90000000000002
916,70.00000000000004
917,44.6
918,89.80000000000003
919,80.10000000000004
920,62.70000000000003
921,78.70000000000003
922,83.90000000000003
923,80.80000000000004
924,45.30000000000002
925,86.00000000000004
926,116.60000000000004
927,62.70000000000003
928,81.80000000000003
929,94.70000000000003
930,81.10000000000001
931,86.70000000000005
932,100.60000000000004
933,64.10000000000002
934,61.300000000000004
935,85.30000000000004
936,106.50000000000003
937,90.50000000000003
938,110.00000000000004
939,59.90000000000001
940,43.2
941,98.50000000000001
942,131.20000000000002
943,84.60000000000004
944,81.80000000000003
945,83.20000000000002
946,91.90000000000003
947,60.60000000000002
948,59.20000000000002
949,73.80000000000001
950,58.50000000000002
951,64.80000000000003
952,114.50000000000003
953,64.80000000000004
954,72.80000000000001
955,90.50000000000003
956,75.20000000000002
957,45.30000000000002
958,61.30000000000002
959,41.8
960,67.20000000000002
961,86.00000000000003
962,67.20000000000002
963,82.50000000000003
964,118.70000000000002
965,99.90000000000002
966,81.80000000000001
967,105.10000000000002
968,49.80000000000001
969,67.90000000000002
970,91.20000000000003
971,55.70000000000001
972,98.50000000000003
973,86.70000000000003
974,99.20000000000003
975,81.10000000000002
976,59.20000000000003
977,75.20000000000002
978,66.50000000000003
979,103.00000000000001
980,99.90000000000002
981,76.60000000000001
982,59.20000000000001
983,50.50000000000001
984,66.5
985,78.70000000000005
986,77.30000000000003
987,115.20000000000002
988,58.50000000000003
989,74.50000000000003
990,67.20000000000002
991,51.200000000000024
992,132.60000000000002
993,51.20000000000001
994,67.20000000000002
995,59.20000000000002
996,104.80000000000004
997,84.60000000000002
998,94.70000000000005
999,87.40000000000003
1000,94.70000000000003
1001,99.20000000000003
1002,88.10000000000004
1003,84.60000000000004
1004,67.90000000000002
1005,89.80000000000003
1006,46.00000000000001
1007,88.80000000000004
1008,86.70000000000003
1009,86.00000000000001
1010,70.00000000000003
1011,54.700000000000024
1012,57.80000000000002
1013,78.00000000000004
1014,94.70000000000005
1015,100.60000000000004
1016,71.40000000000003
1017,89.80000000000003
1018,89.80000000000003
1019,78.00000000000003
1020,114.50000000000003
1021,32.8
1022,83.90000000000003
1023,113.10000000000002
1024,89.80000000000001
1025,103.40000000000005
1026,86.70000000000002
1027,53.300000000000004
1028,47.40000000000002
1029,91.20000000000002
1030,46.00000000000002
1031,94.00000000000003
1032,54.00000000000002
1033,69.30000000000001
1034,99.90000000000003
1035,68.60000000000001
1036,54.70000000000002
1037,66.50000000000001
1038,78.00000000000003
1039,90.50000000000003
1040,86.00000000000004
1041,58.500000000000014
1042,98.50000000000003
1043,114.50000000000003
1044,57.800000000000026
1045,40.80000000000001
1046,104.40000000000002
1047,80.80000000000003
1048,91.90000000000003
1049,58.500000000000014
1050,91.20000000000003
1051,97.80000000000003
1052,54.000000000000036
1053,42.5
1054,51.20000000000001
1055,83.20000000000003
1056,75.20000000000002
1057,67.9
1058,125.30000000000003
1059,102.00000000000004
1060,102.70000000000003
1061,89.80000000000003
1062,57.80000000000001
1063,68.60000000000002
1064,91.20000000000003
1065,78.00000000000001
1066,91.90000000000002
1067,102.00000000000003
1068,99.20000000000003
1069,84.60000000000002
1070,67.20000000000002
1071,125.30000000000004
1072,80.80000000000001
1073,75.20000000000003
1074,67.90000000000002
1075,91.90000000000003
1076,115.20000000000003
1077,73.80000000000001
1078,73.80000000000004
1079,72.80000000000004
1080,65.80000000000001
1081,107.90000000000003
1082,75.20000000000002
1083,35.89999999999999
1084,91.90000000000002
1085,91.20000000000003
1086,38.70000000000002
1087,106.50000000000001
1088,67.2
1089,67.20000000000002
1090,74.50000000000003
1091,66.5
1092,64.80000000000004
1093,59.90000000000001
1094,99.90000000000003
1095,57.80000000000001
1096,81.80000000000003
1097,43.90000000000001
1098,75.20000000000003
1099,81.10000000000001
1100,91.90000000000002
1101,83.90000000000002
1102,100.60000000000004
1103,57.800000000000026
1104,59.2
1105,82.50000000000003
1106,65.80000000000003
1107,72.80000000000003
1108,81.10000000000002
1109,62.00000000000001
1110,68.60000000000001
1111,91.20000000000003
1112,67.90000000000003
1113,76.60000000000002
1114,74.50000000000001
1115,74.50000000000003
1116,35.19999999999999
1117,90.50000000000003
1118,67.20000000000002
1119,86.70000000000003
1120,42.50000000000001
1121,106.50000000000004
1122,85.30000000000003
1123,125.30000000000004
1124,49.80000000000001
1125,88.10000000000002
1126,98.50000000000003
1127,72.10000000000004
1128,69.30000000000003
1129,107.20000000000003
1130,65.80000000000004
1131,59.20000000000002
1132,86.00000000000004
1133,106.50000000000004
1134,83.90000000000003
1135,98.50000000000001
1136,89.10000000000001
1137,73.80000000000003
1138,43.90000000000002
1139,66.50000000000001
1140,71.70000000000002
1141,78.00000000000001
1142,109.30000000000004
1143,107.20000000000003
1144,78.00000000000004
1145,91.20000000000002
1146,65.80000000000001
1147,108.60000000000002
1148,98.50000000000003
1149,75.90000000000003
1150,65.80000000000003
1151,72.80000000000001
1152,86.70000000000005
1153,33.800000000000004
1154,67.20000000000003
1155,51.20000000000002
1156,67.20000000000003
1157,128.10000000000005
1158,24.799999999999994
1159,64.80000000000003
1160,91.20000000000002
1161,81.80000000000003
1162,83.20000000000003
1163,81.80000000000003
1164,67.90000000000002
1165,130.50000000000006
1166,82.50000000000003
1167,81.80000000000003
1168,101.30000000000004
1169,51.20000000000002
1170,73.10000000000002
1171,67.20000000000002
1172,102.70000000000003
1173,99.20000000000003
1174,83.20000000000003
1175,34.5
1176,65.80000000000003
1177,43.20000000000001
1178,94.70000000000003
1179,69.30000000000003
1180,93.30000000000003
1181,68.60000000000004
1182,45.300000000000004
1183,132.60000000000002
1184,114.50000000000003
1185,33.099999999999994
1186,135.4
1187,73.10000000000002
1188,99.20000000000003
1189,62.000000000000014
1190,113.80000000000003
1191,114.50000000000003
1192,83.20000000000003
1193,101.30000000000004
1194,75.90000000000003
1195,91.20000000000003
1196,91.20000000000003
1197,70.00000000000004
1198,75.90000000000002
1199,91.20000000000005
1200,87.40000000000003
1201,100.60000000000004
1202,75.90000000000002
1203,102.00000000000004
1204,120.40000000000002
1205,78.00000000000001
1206,95.40000000000003
1207,46.70000000000001
1208,76.60000000000002
1209,59.20000000000001
1210,58.500000000000014
1211,57.80000000000001
1212,102.00000000000004
1213,104.80000000000004
1214,75.90000000000003
1215,74.50000000000003
1216,56.80000000000002
1217,110.70000000000005
1218,83.90000000000003
1219,110.00000000000003
1220,53.30000000000003
1221,96.10000000000004
1222,86.30000000000001
1223,99.90000000000003
1224,92.60000000000004
1225,75.20000000000002
1226,91.90000000000003
1227,84.60000000000002
1228,61.30000000000001
1229,99.90000000000003
1230,110.70000000000005
1231,86.70000000000005
1232,59.90000000000002
1233,76.60000000000002
1234,51.20000000000003
1235,70.70000000000003
1236,92.60000000000002
1237,91.20000000000003
1238,54.70000000000003
1239,62.700000000000024
1240,54.700000000000024
1241,77.30000000000003
1242,62.000000000000014
1243,83.20000000000003
1244,46.70000000000002
1245,55.40000000000002
1246,75.90000000000003
1247,70.70000000000003
1248,81.10000000000001
1249,88.10000000000002
1250,83.20000000000002
1251,90.50000000000001
1252,62.00000000000004
1253,83.20000000000002
1254,36.6
1255,99.90000000000003
1256,90.50000000000003
1257,78.70000000000005
1258,85.30000000000003
1259,64.80000000000003
1260,78.00000000000003
1261,94.70000000000003
1262,78.70000000000005
1263,112.80000000000004
1264,99.90000000000003
1265,117.30000000000004
1266,40.10000000000004
1267,94.70000000000003
1268,110.70000000000003
1269,94.70000000000003
1270,97.80000000000004
1271,62.00000000000002
1272,13.99999999999999
1273,105.10000000000002
1274,71.40000000000002
1275,52.60000000000004
1276,75.20000000000003
1277,54.000000000000036
1278,78.00000000000001
1279,70.00000000000003
1280,40.1
1281,89.80000000000003
1282,107.20000000000003
1283,96.80000000000004
1284,104.10000000000005
1285,38.0
1286,84.60000000000002
1287,90.50000000000001
1288,58.50000000000002
1289,48.100000000000044
1290,65.80000000000001
1291,95.40000000000005
1292,83.20000000000003
1293,90.50000000000001
1294,70.00000000000003
1295,100.60000000000004
1296,64.10000000000004
1297,51.900000000000006
1298,54.700000000000024
1299,83.20000000000003
1300,88.80000000000004
1301,96.10000000000004
1302,26.499999999999993
1303,80.80000000000003
1304,110.00000000000004
1305,46.70000000000001
1306,96.10000000000004
1307,82.50000000000001
1308,61.30000000000004
1309,78.70000000000002
1310,102.70000000000003
1311,67.2
1312,61.30000000000004
1313,78.00000000000004
1314,117.30000000000004
1315,114.50000000000003
1316,73.80000000000001
1317,109.30000000000003
1318,78.70000000000005
1319,87.40000000000003
1320,59.20000000000003
1321,96.10000000000004
1322,78.70000000000003
1323,102.00000000000004
1324,103.40000000000003
1325,47.40000000000001
1326,70.00000000000001
1327,70.70000000000003
1328,62.00000000000002
1329,106.50000000000003
1330,90.50000000000003
1331,51.20000000000002
1332,115.20000000000003
1333,75.90000000000002
1334,63.40000000000002
1335,88.10000000000004
1336,98.50000000000001
1337,44.60000000000002
1338,81.10000000000002
1339,73.80000000000003
1340,83.20000000000003
1341,115.20000000000003
1342,98.50000000000001
1343,51.200000000000024
1344,57.80000000000002
1345,64.80000000000004
1346,66.50000000000003
1347,65.10000000000001
1348,49.80000000000001
1349,94.00000000000003
1350,67.20000000000003
1351,118.70000000000005
1352,91.20000000000002
1353,90.50000000000003
1354,73.80000000000001
1355,76.60000000000001
1356,75.90000000000002
1357,66.50000000000003
1358,66.50000000000003
1359,89.80000000000001
1360,85.30000000000003
1361,90.50000000000001
1362,51.2
1363,73.80000000000003
1364,67.9
1365,91.90000000000002
1366,51.900000000000006
1367,108.60000000000002
1368,127.40000000000003
1369,135.40000000000003
1370,70.00000000000004
1371,51.2
1372,118.70000000000003
1373,88.40000000000002
1374,74.50000000000004
1375,118.00000000000003
1376,59.20000000000002
1377,83.90000000000002
1378,35.20000000000001
1379,94.00000000000004
1380,118.00000000000004
1381,83.90000000000002
1382,26.499999999999996
1383,68.60000000000002
1384,86.70000000000002
1385,75.2
1386,103.40000000000003
1387,99.90000000000003
1388,124.60000000000004
1389,103.40000000000005
1390,91.20000000000002
1391,111.40000000000005
1392,73.10000000000001
1393,92.60000000000002
1394,53.300000000000026
1395,91.90000000000002
1396,61.30000000000003
1397,124.60000000000004
1398,101.30000000000003
1399,85.30000000000004
1400,76.60000000000002
1401,84.60000000000002
1402,16.799999999999994
1403,124.60000000000004
1404,51.900000000000006
1405,83.20000000000002
1406,72.4
1407,70.00000000000003
1408,100.60000000000002
1409,100.60000000000002
1410,109.30000000000004
1411,127.40000000000003
1412,75.90000000000003
1413,117.30000000000004
1414,60.600000000000016
1415,68.60000000000002
1416,106.50000000000003
1417,103.40000000000003
1418,69.30000000000003
1419,70.00000000000001
1420,107.90000000000003
1421,115.20000000000003
1422,103.40000000000005
1423,87.40000000000003
1424,62.70000000000003
1425,117.30000000000004
1426,100.60000000000004
1427,68.60000000000002
1428,101.30000000000003
1429,108.60000000000004
1430,85.30000000000003
1431,76.60000000000004
1432,99.20000000000003
1433,65.80000000000003
1434,71.40000000000002
1435,73.10000000000001
1436,111.40000000000005
1437,51.20000000000002
1438,67.9
1439,115.90000000000003
1440,74.50000000000001
1441,83.90000000000002
1442,102.70000000000005
1443,65.80000000000001
1444,55.40000000000001
1445,72.80000000000004
1446,67.20000000000002
1447,119.40000000000003
1448,135.40000000000003
1449,64.80000000000001
1450,73.80000000000001
1451,86.00000000000003
1452,90.50000000000003
1453,29.999999999999993
1454,52.60000000000001
1455,57.100000000000016
1456,72.80000000000004
1457,92.60000000000004
1458,118.70000000000003
1459,94.70000000000003
1460,77.30000000000003
1461,78.70000000000003
1462,89.80000000000003
1463,74.50000000000003
1464,83.90000000000002
1465,99.20000000000003
1466,94.70000000000003
1467,70.00000000000001
1468,85.30000000000003
1469,109.30000000000004
1470,101.30000000000003
1471,94.00000000000003
1472,98.50000000000003
1473,102.70000000000003
1474,85.30000000000004
1475,75.20000000000002
1476,99.20000000000002
1477,95.40000000000003
1478,115.20000000000003
1479,100.60000000000004
1480,75.90000000000003
1481,107.90000000000002
1482,138.5
1483,122.50000000000003
1484,59.20000000000001
1485,43.2
1486,33.8
1487,73.10000000000001
1488,83.20000000000003
1489,56.40000000000001
1490,82.50000000000001
1491,83.20000000000002
1492,99.90000000000003
1493,115.20000000000003
1494,67.90000000000003
1495,91.20000000000003
1496,99.90000000000003
1497,66.5
1498,51.90000000000002
1499,84.60000000000002
1500,83.90000000000002
1501,113.80000000000003
1502,90.50000000000003
1503,91.90000000000002
1504,75.20000000000002
1505,74.50000000000001
1506,121.10000000000004
1507,107.90000000000003
1508,57.800000000000004
1509,75.20000000000002
1510,96.4
1511,81.10000000000001
1512,51.90000000000001
1513,99.90000000000003
1514,76.60000000000002
1515,91.90000000000003
1516,107.20000000000002
1517,132.60000000000002
1518,115.20000000000003
1519,58.50000000000001
1520,57.10000000000002
1521,60.600000000000016
1522,75.2
1523,91.20000000000003
1524,75.20000000000002
1525,68.60000000000001
1526,92.60000000000004
1527,73.80000000000001
1528,91.20000000000003
1529,107.20000000000003
1530,74.50000000000003
1531,114.50000000000003
1532,105.80000000000001
1533,79.00000000000001
1534,104.40000000000002
1535,73.80000000000003
1536,74.50000000000001
1537,83.90000000000002
1538,73.80000000000003
1539,57.10000000000002
1540,89.10000000000004
1541,56.40000000000001
1542,91.90000000000002
1543,84.60000000000002
1544,83.20000000000003
1545,105.80000000000003
1546,64.40000000000002
1547,106.50000000000003
1548,76.60000000000001
1549,97.80000000000003
1550,115.20000000000003
1551,81.80000000000003
1552,59.90000000000002
1553,60.60000000000002
1554,52.600000000000016
1555,100.60000000000002
1556,57.80000000000001
1557,84.60000000000002
1558,75.90000000000003
1559,85.30000000000004
1560,109.30000000000003
1561,93.30000000000004
1562,110.00000000000004
1563,108.60000000000004
1564,69.30000000000003
1565,60.600000000000016
1566,67.90000000000002
1567,93.30000000000004
1568,92.60000000000002
1569,83.90000000000002
1570,90.50000000000003
1571,52.60000000000002
1572,62.000000000000014
1573,120.10000000000004
1574,101.30000000000004
1575,49.1
1576,75.20000000000002
1577,116.60000000000004
1578,65.10000000000001
1579,75.90000000000002
1580,56.80000000000002
1581,88.40000000000002
1582,90.50000000000003
1583,60.600000000000016
1584,90.50000000000003
1585,90.50000000000003
1586,107.20000000000002
1587,58.500000000000014
1588,71.70000000000002
1589,66.50000000000001
1590,66.50000000000001
1591,59.90000000000002
1592,105.80000000000001
1593,80.40000000000002
1594,83.90000000000003
1595,42.5
1596,75.20000000000002
1597,80.40000000000002
1598,96.40000000000002
1599,108.9
1600,49.100000000000016
1601,47.0
1602,75.20000000000003
1603,41.099999999999994
1604,94.30000000000001
1605,79.70000000000002
1606,125.60000000000001
1607,47.7
1608,75.20000000000003
1609,88.4
1610,73.10000000000002
1611,89.10000000000002
1612,59.900000000000034
1613,123.20000000000003
1614,58.500000000000014
1615,98.50000000000003
1616,73.10000000000001
1617,91.20000000000003
1618,58.500000000000014
1619,129.8
1620,105.10000000000002
1621,44.60000000000002
1622,72.10000000000004
1623,89.80000000000003
1624,88.40000000000002
1625,57.10000000000001
1626,67.20000000000002
1627,68.60000000000004
1628,75.20000000000003
1629,82.50000000000004
1630,57.80000000000002
1631,103.00000000000001
1632,98.50000000000003
1633,98.50000000000003
1634,99.90000000000002
1635,92.60000000000004
1636,99.20000000000003
1637,83.90000000000002
1638,91.20000000000003
1639,73.10000000000002
1640,99.90000000000003
1641,75.90000000000002
1642,55.000000000000014
1643,65.10000000000002
1644,81.80000000000001
1645,111.70000000000002
1646,82.50000000000001
1647,90.50000000000003
1648,123.20000000000003
1649,74.50000000000001
1650,106.50000000000001
1651,90.50000000000003
1652,83.90000000000002
1653,67.2
1654,67.90000000000002
1655,73.80000000000001
1656,83.20000000000002
1657,98.50000000000003
1658,99.90000000000003
1659,92.60000000000002
1660,99.20000000000003
1661,91.20000000000003
1662,98.50000000000003
1663,73.80000000000001
1664,74.50000000000003
1665,106.50000000000001
1666,101.30000000000004
1667,82.50000000000003
1668,80.80000000000003
1669,100.60000000000004
1670,49.800000000000004
1671,59.20000000000003
1672,66.50000000000003
1673,99.90000000000003
1674,99.90000000000003
1675,48.40000000000001
1676,83.20000000000003
1677,65.8
1678,115.20000000000003
1679,49.1
1680,104.40000000000002
1681,90.50000000000003
1682,90.50000000000003
1683,91.90000000000003
1684,83.20000000000003
1685,122.50000000000003
1686,76.60000000000004
1687,91.90000000000002
1688,83.20000000000002
1689,74.50000000000003
1690,43.9
1691,73.80000000000003
1692,91.20000000000003
1693,87.70000000000002
1694,71.70000000000002
1695,96.40000000000002
1696,123.20000000000003
1697,33.1
1698,81.10000000000001
1699,73.80000000000001
1700,99.20000000000003
1701,91.20000000000002
1702,75.20000000000002
1703,106.50000000000003
1704,128.40000000000003
1705,90.50000000000003
1706,80.4
1707,113.10000000000002
1708,51.90000000000001
1709,121.80000000000003
1710,49.8
1711,83.90000000000002
1712,84.60000000000004
1713,73.10000000000001
1714,72.80000000000003
1715,56.40000000000001
1716,103.70000000000002
1717,83.20000000000002
1718,114.50000000000003
1719,97.10000000000002
1720,65.80000000000003
1721,65.10000000000002
1722,67.20000000000002
1723,56.800000000000004
1724,88.40000000000003
1725,90.50000000000003
1726,81.10000000000002
1727,65.10000000000002
1728,66.50000000000001
1729,104.40000000000003
1730,97.10000000000002
1731,73.80000000000003
1732,105.80000000000003
1733,81.80000000000003
1734,82.50000000000003
1735,87.00000000000001
1736,89.10000000000002
1737,89.80000000000003
1738,81.10000000000002
1739,105.10000000000002
1740,74.50000000000003
1741,75.20000000000002
1742,67.9
1743,91.20000000000002
1744,114.50000000000001
1745,82.50000000000001
1746,91.90000000000003
1747,42.5
1748,65.10000000000001
1749,73.10000000000002
1750,97.80000000000001
1751,75.20000000000002
1752,77.60000000000002
1753,63.000000000000014
1754,80.40000000000002
1755,64.4
1756,90.50000000000003
1757,70.30000000000001
1758,80.4
1759,83.20000000000003
1760,77.60000000000001
1761,79.70000000000002
1762,105.10000000000002
1763,87.70000000000002
1764,63.70000000000002
1765,101.60000000000001
1766,114.50000000000001
1767,94.30000000000001
1768,73.8
1769,80.40000000000002
1770,57.10000000000001
1771,69.30000000000003
1772,105.10000000000001
1773,54.300000000000004
1774,89.10000000000001
1775,71.7
1776,57.800000000000026
1777,101.60000000000001
1778,108.90000000000002
1779,61.6
1780,79.70000000000002
1781,103.70000000000002
1782,88.40000000000002
1783,40.4
1784,86.30000000000001
1785,112.4
1786,51.90000000000003
1787,64.80000000000003
1788,119.00000000000001
1789,81.10000000000002
1790,41.1
1791,71.00000000000001
1792,70.30000000000001
1793,97.80000000000004
1794,64.80000000000003
1795,87.0
1796,110.30000000000001
1797,109.60000000000001
1798,82.50000000000003
1799,53.60000000000001
1800,89.10000000000002
1801,87.00000000000001
1802,73.10000000000001
1803,103.70000000000002
1804,86.30000000000001
1805,105.10000000000002
1806,65.10000000000001
1807,87.00000000000001
1808,57.100000000000016
1809,88.40000000000002
1810,90.50000000000003
1811,64.40000000000002
1812,97.10000000000002
1813,104.40000000000002
1814,82.50000000000003
1815,64.40000000000002
1816,106.50000000000001
1817,65.10000000000002
1818,71.70000000000002
1819,97.80000000000003
1820,65.10000000000002
1821,66.50000000000001
1822,58.50000000000003
1823,73.80000000000003
1824,104.40000000000002
1825,75.90000000000003
1826,119.70000000000002
1827,98.50000000000001
1828,105.10000000000002
1829,64.40000000000002
1830,89.80000000000001
1831,103.0
1832,78.30000000000001
1833,99.90000000000002
1834,79.7
1835,100.60000000000002
1836,59.90000000000002
1837,69.30000000000003
1838,61.60000000000001
1839,79.0
1840,84.60000000000005
1841,50.5
1842,90.50000000000001
1843,60.600000000000016
1844,57.800000000000026
1845,39.70000000000001
1846,81.10000000000001
1847,65.80000000000001
1848,96.40000000000002
1849,78.00000000000004
1850,86.30000000000001
1851,81.10000000000002
1852,96.80000000000005
1853,87.00000000000003
1854,80.4
1855,107.90000000000003
1856,89.10000000000001
1857,122.50000000000003
1858,47.70000000000001
1859,83.20000000000002
1860,75.20000000000003
1861,65.10000000000001
1862,103.00000000000003
1863,139.9
1864,67.90000000000002
1865,58.50000000000001
1866,89.80000000000003
1867,115.20000000000003
1868,91.90000000000002
1869,81.80000000000003
1870,57.80000000000001
1871,89.80000000000003
1872,74.50000000000001
1873,114.50000000000003
1874,90.50000000000001
1875,62.30000000000001
1876,99.20000000000002
1877,97.80000000000003
1878,66.50000000000001
1879,83.90000000000002
1880,74.50000000000001
1881,99.20000000000003
1882,74.50000000000001
1883,98.50000000000003
1884,75.20000000000002
1885,107.20000000000003
1886,66.50000000000001
1887,91.90000000000002
1888,115.20000000000003
1889,106.50000000000003
1890,121.10000000000002
1891,91.20000000000003
1892,90.50000000000003
1893,98.50000000000003
1894,72.4
1895,73.10000000000001
1896,73.80000000000003
1897,80.4
1898,57.800000000000026
1899,83.20000000000002
1900,81.80000000000003
1901,91.20000000000002
1902,74.50000000000001
1903,61.300000000000026
1904,65.80000000000003
1905,123.20000000000003
1906,106.50000000000003
1907,83.90000000000003
1908,67.20000000000003
1909,74.50000000000001
1910,97.80000000000003
1911,67.20000000000003
1912,89.80000000000001
1913,75.20000000000002
1914,99.20000000000002
1915,81.80000000000003
1916,89.10000000000002
1917,49.80000000000002
1918,81.10000000000002
1919,65.10000000000002
1920,114.50000000000001
1921,69.60000000000001
1922,105.80000000000003
1923,97.80000000000003
1924,89.10000000000002
1925,84.60000000000002
1926,96.4
1927,81.10000000000001
1928,94.30000000000003
1929,96.40000000000002
1930,81.80000000000001
1931,71.0
1932,63.70000000000002
1933,63.70000000000002
1934,17.099999999999998
1935,49.800000000000004
1936,82.50000000000003
1937,91.90000000000002
1938,72.40000000000002
1939,105.10000000000001
1940,105.10000000000002
1941,104.40000000000002
1942,81.80000000000001
1943,87.70000000000002
1944,113.80000000000003
1945,81.80000000000001
1946,74.50000000000003
1947,103.70000000000002
1948,95.00000000000001
1949,96.40000000000003
1950,65.10000000000001
1951,136.40000000000003
1952,91.20000000000002
1953,82.50000000000003
1954,95.00000000000001
1955,63.7
1956,98.50000000000003
1957,106.50000000000003
1958,58.50000000000002
1959,96.40000000000002
1960,63.7
1961,72.40000000000002
1962,80.40000000000002
1963,107.20000000000003
1964,81.10000000000002
1965,43.2
1966,98.50000000000001
1967,107.20000000000003
1968,107.20000000000003
1969,81.10000000000002
1970,106.50000000000001
1971,97.10000000000002
1972,48.40000000000001
1973,99.20000000000003
1974,97.80000000000003
1975,72.40000000000002
1976,63.70000000000001
1977,89.80000000000003
1978,66.50000000000001
1979,51.20000000000002
1980,80.4
1981,88.40000000000002
1982,90.50000000000003
1983,56.800000000000026
1984,66.50000000000003
1985,73.80000000000003
1986,99.20000000000002
1987,97.10000000000002
1988,91.20000000000003
1989,57.10000000000001
1990,89.10000000000002
1991,73.8
1992,64.4
1993,81.10000000000001
1994,96.40000000000002
1995,81.80000000000001
1996,65.10000000000001
1997,99.20000000000003
1998,41.10000000000001
1999,72.4
2000,56.80000000000004
2001,98.50000000000001
2002,97.80000000000003
2003,107.90000000000003
2004,59.900000000000006
2005,80.40000000000002
2006,57.100000000000016
2007,97.10000000000002
2008,89.80000000000001
2009,81.80000000000003
2010,99.90000000000003
2011,82.50000000000001
2012,74.50000000000003
2013,56.80000000000003
2014,58.50000000000001
2015,89.80000000000004
2016,91.90000000000003
2017,87.70000000000002
2018,73.80000000000003
2019,59.200000000000024
2020,92.60000000000004
2021,73.80000000000003
2022,90.50000000000003
2023,92.60000000000004
2024,99.90000000000002
2025,73.80000000000003
2026,67.20000000000002
2027,51.20000000000002
2028,56.400000000000006
2029,65.80000000000003
2030,64.80000000000001
2031,46.00000000000002
2032,95.70000000000002
2033,35.900000000000006
2034,81.10000000000001
2035,81.80000000000001
2036,82.50000000000003
2037,107.90000000000002
2038,91.90000000000002
2039,131.20000000000002
2040,70.70000000000002
2041,43.900000000000006
2042,43.900000000000006
2043,49.80000000000002
2044,40.4
2045,59.90000000000003
2046,89.10000000000001
2047,59.90000000000003
2048,89.80000000000003
2049,87.70000000000002
2050,80.40000000000002
2051,65.10000000000002
2052,89.80000000000003
2053,123.20000000000003
2054,106.50000000000003
2055,59.90000000000004
2056,51.2
2057,59.20000000000003
2058,82.50000000000003
2059,51.900000000000006
2060,81.80000000000001
2061,62.000000000000014
2062,89.10000000000001
2063,97.80000000000001
2064,91.90000000000002
2065,82.50000000000003
2066,114.50000000000001
2067,99.90000000000003
2068,90.50000000000003
2069,66.5
2070,59.20000000000003
2071,113.80000000000003
2072,72.4
2073,75.90000000000002
2074,84.60000000000004
2075,57.80000000000001
2076,75.20000000000002
2077,94.30000000000003
2078,91.20000000000003
2079,92.60000000000004
2080,74.50000000000003
2081,105.80000000000003
2082,114.50000000000003
2083,97.80000000000003
2084,97.80000000000003
2085,75.20000000000002
2086,82.50000000000003
2087,73.80000000000003
2088,35.2
2089,64.40000000000002
2090,83.90000000000002
2091,83.90000000000002
2092,73.10000000000001
2093,48.40000000000002
2094,91.90000000000003
2095,106.50000000000003
2096,81.80000000000003
2097,93.30000000000004
2098,50.50000000000002
2099,73.10000000000001
2100,100.60000000000002
2101,68.60000000000002
2102,99.90000000000003
2103,99.20000000000002
2104,88.10000000000005
2105,87.40000000000003
2106,97.10000000000002
2107,59.90000000000001
2108,83.20000000000002
2109,100.60000000000002
2110,104.80000000000004
2111,67.90000000000002
2112,57.1
2113,107.90000000000003
2114,85.30000000000003
2115,89.80000000000003
2116,116.60000000000004
2117,78.70000000000002
2118,68.60000000000002
2119,124.60000000000004
2120,69.30000000000001
2121,81.10000000000002
2122,92.60000000000004
2123,101.30000000000004
2124,75.20000000000003
2125,143.4
2126,104.40000000000002
2127,93.30000000000004
2128,59.20000000000001
2129,99.20000000000002
2130,43.199999999999996
2131,84.60000000000002
2132,78.70000000000003
2133,59.900000000000034
2134,116.60000000000004
2135,83.90000000000003
2136,84.60000000000004
2137,59.900000000000034
2138,99.20000000000003
2139,51.90000000000001
2140,58.500000000000014
2141,83.20000000000002
2142,67.90000000000002
2143,65.10000000000001
2144,59.20000000000002
2145,67.20000000000003
2146,75.20000000000002
2147,98.50000000000003
2148,88.80000000000004
2149,74.50000000000003
2150,64.40000000000002
2151,65.1
2152,73.80000000000001
2153,90.50000000000003
2154,106.50000000000003
2155,104.40000000000002
2156,46.30000000000001
2157,89.80000000000003
2158,89.10000000000002
2159,106.50000000000003
2160,82.50000000000003
2161,68.60000000000002
2162,98.50000000000003
2163,79.00000000000001
2164,91.90000000000002
2165,88.40000000000002
2166,59.90000000000002
2167,81.10000000000002
2168,113.10000000000002
2169,81.80000000000003
2170,99.20000000000003
2171,79.7
2172,57.800000000000004
2173,63.70000000000002
2174,56.40000000000002
2175,65.10000000000002
2176,72.40000000000002
2177,65.80000000000003
2178,55.70000000000001
2179,65.10000000000002
2180,75.20000000000003
2181,65.10000000000002
2182,90.50000000000003
2183,67.20000000000002
2184,66.50000000000001
2185,48.40000000000002
2186,91.20000000000002
2187,98.50000000000003
2188,81.80000000000003
2189,67.20000000000002
2190,89.80000000000003
2191,57.800000000000026
2192,58.50000000000002
2193,82.50000000000003
2194,27.199999999999992
2195,76.60000000000002
2196,42.49999999999999
2197,75.20000000000003
2198,97.10000000000002
2199,82.50000000000001
2200,65.80000000000001
2201,95.00000000000003
2202,75.20000000000002
2203,72.4
2204,57.800000000000004
2205,51.20000000000002
2206,73.80000000000004
2207,91.20000000000002
2208,81.80000000000001
2209,58.50000000000003
2210,98.50000000000003
2211,75.20000000000003
2212,55.7
2213,65.10000000000002
2214,99.20000000000003
2215,31.699999999999996
2216,41.10000000000001
2217,90.50000000000003
2218,48.400000000000006
2219,59.90000000000002
2220,67.20000000000003
2221,121.80000000000003
2222,57.10000000000001
2223,80.4
2224,65.10000000000002
2225,80.4
2226,75.90000000000002
2227,95.00000000000001
2228,113.10000000000002
2229,50.50000000000001
2230,87.70000000000002
2231,63.70000000000002
2232,73.10000000000001
2233,90.50000000000003
2234,71.7
2235,47.7
2236,48.4
2237,89.10000000000002
2238,132.60000000000002
2239,116.60000000000002
2240,56.10000000000002
2241,69.30000000000003
2242,91.90000000000002
2243,85.30000000000004
2244,85.30000000000003
2245,69.30000000000001
2246,78.70000000000003
2247,102.00000000000004
2248,92.60000000000004
2249,84.60000000000002
2250,77.30000000000003
2251,70.70000000000003
2252,84.60000000000002
2253,78.70000000000003
2254,89.80000000000003
2255,87.40000000000005
2256,83.90000000000003
2257,51.20000000000001
2258,91.90000000000003
2259,114.50000000000003
2260,75.20000000000002
2261,77.30000000000004
2262,149.3
2263,86.70000000000003
2264,87.40000000000002
2265,98.50000000000003
2266,75.20000000000002
2267,94.70000000000005
2268,83.90000000000003
2269,118.00000000000003
2270,99.20000000000003
2271,59.90000000000001
2272,72.10000000000002
2273,92.60000000000004
2274,82.50000000000004
2275,59.90000000000002
2276,90.50000000000003
2277,115.90000000000003
2278,76.60000000000004
2279,57.80000000000001
2280,91.90000000000002
2281,75.20000000000003
2282,97.10000000000002
2283,59.900000000000034
2284,75.90000000000003
2285,58.500000000000014
2286,68.60000000000004
2287,136.8
2288,77.30000000000003
2289,92.60000000000002
2290,104.40000000000002
2291,107.90000000000003
2292,92.60000000000004
2293,102.00000000000003
2294,35.199999999999996
2295,123.90000000000003
2296,50.500000000000014
2297,83.90000000000002
2298,92.60000000000004
2299,114.50000000000003
2300,52.600000000000016
2301,77.30000000000003
2302,70.7
2303,81.10000000000001
2304,94.70000000000002
2305,110.00000000000004
2306,112.10000000000004
2307,50.50000000000001
2308,56.40000000000001
2309,101.30000000000004
2310,70.00000000000001
2311,51.2
2312,82.50000000000001
2313,91.90000000000003
2314,85.30000000000003
2315,58.50000000000002
2316,90.50000000000003
2317,104.10000000000004
2318,84.60000000000004
2319,94.00000000000003
2320,110.70000000000003
2321,70.70000000000003
2322,59.90000000000001
2323,58.500000000000014
2324,115.90000000000003
2325,91.90000000000002
2326,115.90000000000003
2327,67.90000000000002
2328,59.20000000000004
2329,53.30000000000004
2330,30.69999999999999
2331,70.00000000000004
2332,83.90000000000003
2333,72.10000000000004
2334,75.20000000000002
2335,53.30000000000001
2336,75.90000000000002
2337,76.60000000000004
2338,107.90000000000003
2339,112.40000000000002
2340,107.20000000000003
2341,103.40000000000005
2342,77.30000000000003
2343,79.40000000000003
2344,93.30000000000004
2345,97.10000000000002
2346,81.10000000000001
2347,41.800000000000004
2348,93.30000000000003
2349,94.00000000000004
2350,83.90000000000002
2351,92.60000000000004
2352,66.50000000000001
2353,113.80000000000001
2354,97.80000000000003
2355,103.40000000000005
2356,67.90000000000002
2357,71.40000000000002
2358,88.80000000000004
2359,92.60000000000004
2360,57.80000000000003
2361,89.10000000000004
2362,70.00000000000003
2363,79.70000000000002
2364,111.40000000000005
2365,116.60000000000004
2366,108.60000000000004
2367,67.20000000000002
2368,107.90000000000003
2369,91.20000000000003
2370,75.20000000000002
2371,94.00000000000004
2372,62.00000000000003
2373,70.70000000000002
2374,68.60000000000002
2375,89.80000000000003
2376,114.50000000000003
2377,57.10000000000001
2378,100.60000000000004
2379,118.70000000000005
2380,139.20000000000002
2381,73.10000000000001
2382,108.60000000000005
2383,75.20000000000002
2384,121.80000000000003
2385,56.80000000000003
2386,91.20000000000002
2387,99.90000000000002
2388,91.90000000000002
2389,76.60000000000002
2390,76.60000000000002
2391,116.60000000000004
2392,41.8
2393,75.90000000000002
2394,112.10000000000004
2395,53.30000000000001
2396,80.10000000000002
2397,101.30000000000004
2398,71.70000000000002
2399,59.20000000000001
2400,57.8
2401,87.00000000000001
2402,95.70000000000002
2403,65.80000000000001
2404,39.00000000000001
2405,82.50000000000001
2406,103.00000000000001
2407,97.80000000000003
2408,78.30000000000001
2409,88.40000000000002
2410,93.60000000000001
2411,43.20000000000001
2412,95.70000000000002
2413,70.3
2414,69.60000000000002
2415,43.2
2416,79.70000000000002
2417,102.30000000000001
2418,74.50000000000003
2419,107.90000000000003
2420,97.80000000000001
2421,91.90000000000003
2422,92.9
2423,101.60000000000001
2424,55.00000000000002
2425,125.60000000000001
2426,60.900000000000006
2427,105.10000000000001
2428,77.60000000000001
2429,63.70000000000002
2430,103.70000000000002
2431,58.500000000000014
2432,76.90000000000002
2433,119.70000000000002
2434,79.70000000000002
2435,39.699999999999996
2436,91.20000000000002
2437,115.20000000000003
2438,93.60000000000001
2439,71.00000000000001
2440,63.000000000000014
2441,97.10000000000002
2442,79.7
2443,91.20000000000002
2444,89.10000000000002
2445,55.70000000000001
2446,120.40000000000002
2447,73.10000000000002
2448,98.50000000000003
2449,114.50000000000003
2450,105.80000000000003
2451,73.10000000000001
2452,68.60000000000002
2453,57.100000000000016
2454,99.90000000000002
2455,73.10000000000001
2456,58.500000000000014
2457,57.800000000000026
2458,49.8
2459,59.90000000000001
2460,71.70000000000002
2461,56.40000000000002
2462,81.80000000000003
2463,89.80000000000001
2464,76.60000000000002
2465,91.20000000000003
2466,113.10000000000002
2467,79.70000000000002
2468,64.40000000000002
2469,71.70000000000002
2470,63.70000000000002
2471,57.8
2472,89.10000000000002
2473,73.10000000000002
2474,82.50000000000001
2475,93.30000000000004
2476,91.20000000000003
2477,97.80000000000003
2478,95.70000000000002
2479,90.50000000000003
2480,79.00000000000001
2481,86.30000000000001
2482,66.50000000000001
2483,89.80000000000001
2484,69.60000000000001
2485,73.10000000000002
2486,65.10000000000002
2487,98.50000000000001
2488,73.10000000000002
2489,97.80000000000003
2490,66.50000000000001
2491,90.50000000000001
2492,88.40000000000002
2493,57.80000000000001
2494,107.20000000000002
2495,81.10000000000002
2496,89.10000000000002
2497,76.60000000000002
2498,63.00000000000001
2499,71.7
2500,55.7
2501,99.20000000000002
2502,95.00000000000001
2503,73.10000000000002
2504,63.70000000000002
2505,89.80000000000001
2506,105.10000000000002
2507,77.60000000000001
2508,102.30000000000001
2509,74.50000000000001
2510,49.800000000000004
2511,63.000000000000014
2512,81.80000000000003
2513,34.5
2514,97.80000000000003
2515,97.80000000000003
2516,89.80000000000003
2517,81.10000000000002
2518,105.10000000000002
2519,82.50000000000003
2520,91.20000000000002
2521,74.50000000000003
2522,113.10000000000002
2523,57.10000000000002
2524,104.40000000000002
2525,75.90000000000002
2526,89.10000000000002
2527,64.4
2528,55.00000000000001
2529,79.7
2530,58.5
2531,67.90000000000002
2532,88.40000000000003
2533,47.000000000000014
2534,46.300000000000004
2535,108.90000000000002
2536,94.30000000000001
2537,86.30000000000003
2538,55.7
2539,47.7
2540,73.10000000000002
2541,67.19999999999999
2542,83.20000000000003
2543,33.10000000000001
2544,66.50000000000001
2545,79.70000000000002
2546,90.50000000000003
2547,63.0
2548,66.50000000000003
2549,36.199999999999996
2550,85.60000000000002
2551,77.60000000000001
2552,65.10000000000002
2553,88.40000000000002
2554,113.10000000000002
2555,97.10000000000002
2556,81.10000000000002
2557,83.90000000000002
2558,96.40000000000002
2559,79.70000000000002
2560,108.9
2561,42.5
2562,78.30000000000003
2563,88.4
2564,82.50000000000003
2565,111.70000000000002
2566,80.40000000000002
2567,89.80000000000004
2568,105.10000000000002
2569,71.00000000000001
2570,81.10000000000002
2571,63.70000000000001
2572,79.00000000000001
2573,46.3
2574,9.099999999999998
2575,70.30000000000001
2576,79.70000000000002
2577,96.40000000000002
2578,86.30000000000001
2579,89.10000000000002
2580,103.70000000000003
2581,79.00000000000001
2582,119.70000000000002
2583,72.40000000000002
2584,82.50000000000001
2585,107.20000000000003
2586,113.10000000000002
2587,55.70000000000001
2588,73.80000000000001
2589,63.7
2590,75.90000000000002
2591,96.40000000000002
2592,62.30000000000001
2593,63.000000000000014
2594,105.80000000000001
2595,105.80000000000003
2596,98.50000000000003
2597,83.20000000000002
2598,57.10000000000002
2599,114.50000000000003
2600,63.7
2601,44.900000000000006
2602,89.80000000000003
2603,106.50000000000003
2604,79.7
2605,66.50000000000003
2606,80.4
2607,81.80000000000001
2608,99.20000000000002
2609,83.20000000000002
2610,57.10000000000002
2611,121.10000000000002
2612,49.800000000000004
2613,115.20000000000003
2614,71.7
2615,79.0
2616,89.10000000000002
2617,73.10000000000001
2618,88.4
2619,105.10000000000002
2620,112.40000000000002
2621,90.50000000000001
2622,139.20000000000002
2623,111.00000000000001
2624,83.90000000000003
2625,83.20000000000002
2626,105.80000000000003
2627,41.800000000000004
2628,105.10000000000002
2629,81.80000000000003
2630,50.50000000000001
2631,88.40000000000002
2632,97.10000000000001
2633,90.50000000000001
2634,90.50000000000001
2635,113.80000000000003
2636,81.80000000000004
2637,79.00000000000001
2638,107.20000000000002
2639,89.80000000000003
2640,113.10000000000002
2641,41.800000000000004
2642,130.50000000000003
2643,82.50000000000001
2644,104.40000000000002
2645,72.40000000000002
2646,119.70000000000002
2647,63.000000000000014
2648,73.80000000000003
2649,59.20000000000003
2650,64.4
2651,73.10000000000002
2652,40.40000000000002
2653,105.80000000000003
2654,65.80000000000001
2655,79.00000000000001
2656,103.00000000000001
2657,103.70000000000002
2658,94.30000000000001
2659,87.70000000000003
2660,55.70000000000001
2661,84.90000000000002
2662,62.30000000000001
2663,79.00000000000001
2664,77.60000000000002
2665,95.70000000000002
2666,82.50000000000003
2667,89.10000000000002
2668,64.40000000000002
2669,97.80000000000003
2670,74.50000000000003
2671,81.10000000000004
2672,75.20000000000003
2673,80.40000000000002
2674,49.10000000000001
2675,91.20000000000003
2676,74.50000000000003
2677,86.30000000000001
2678,90.50000000000003
2679,95.70000000000002
2680,112.40000000000003
2681,55.7
2682,51.90000000000001
2683,86.30000000000001
2684,89.10000000000002
2685,96.4
2686,96.40000000000002
2687,49.800000000000026
2688,44.900000000000006
2689,70.30000000000001
2690,55.70000000000002
2691,83.20000000000003
2692,97.10000000000002
2693,102.30000000000001
2694,107.90000000000002
2695,112.40000000000002
2696,77.60000000000001
2697,101.60000000000002
2698,71.70000000000002
2699,86.30000000000001
2700,65.10000000000001
2701,95.00000000000001
2702,79.0
2703,79.00000000000001
2704,49.10000000000001
2705,95.70000000000002
2706,71.7
2707,88.40000000000002
2708,83.20000000000003
2709,62.30000000000001
2710,96.40000000000002
2711,107.20000000000002
2712,106.50000000000003
2713,82.50000000000001
2714,50.500000000000014
2715,81.10000000000002
2716,89.80000000000003
2717,74.50000000000001
2718,64.40000000000002
2719,91.20000000000003
2720,88.40000000000003
2721,75.20000000000002
2722,91.20000000000003
2723,83.20000000000002
2724,90.50000000000003
2725,99.20000000000003
2726,81.10000000000002
2727,99.20000000000003
2728,89.10000000000002
2729,55.70000000000001
2730,99.20000000000003
2731,64.4
2732,65.10000000000002
2733,83.90000000000003
2734,87.00000000000001
2735,73.10000000000002
2736,72.40000000000002
2737,67.20000000000003
2738,83.20000000000003
2739,95.00000000000001
2740,86.30000000000001
2741,71.7
2742,71.7
2743,69.60000000000001
2744,40.40000000000001
2745,91.20000000000002
2746,75.20000000000002
2747,47.70000000000001
2748,75.20000000000002
2749,82.50000000000001
2750,97.10000000000002
2751,76.9
2752,111.00000000000001
2753,101.60000000000001
2754,71.7
2755,89.80000000000003
2756,69.6
2757,105.10000000000002
2758,100.90000000000002
2759,71.70000000000002
2760,71.7
2761,111.00000000000001
2762,96.4
2763,74.50000000000003
2764,105.80000000000003
2765,59.90000000000002
2766,107.90000000000002
2767,81.10000000000002
2768,81.10000000000002
2769,34.500000000000014
2770,58.500000000000014
2771,57.100000000000016
2772,98.50000000000001
2773,107.20000000000003
2774,88.40000000000003
2775,57.10000000000001
2776,89.80000000000003
2777,104.40000000000002
2778,51.20000000000001
2779,97.10000000000002
2780,89.10000000000002
2781,67.20000000000002
2782,107.20000000000003
2783,50.50000000000001
2784,88.40000000000002
2785,107.20000000000003
2786,57.10000000000002
2787,96.40000000000002
2788,73.80000000000001
2789,97.10000000000002
2790,79.70000000000002
2791,81.10000000000002
2792,80.40000000000002
2793,73.10000000000002
2794,89.10000000000002
2795,64.4
2796,89.10000000000001
2797,81.10000000000002
2798,49.80000000000001
2799,33.099999999999994
2800,56.400000000000006
2801,108.90000000000002
2802,85.60000000000002
2803,110.30000000000001
2804,86.30000000000001
2805,47.40000000000002
2806,71.70000000000002
2807,69.60000000000001
2808,88.10000000000004
2809,55.40000000000005
2810,101.60000000000001
2811,95.00000000000001
2812,82.50000000000003
2813,64.40000000000002
2814,65.10000000000002
2815,40.1
2816,48.800000000000004
2817,94.00000000000004
2818,78.30000000000001
2819,84.60000000000004
2820,91.20000000000003
2821,96.40000000000002
2822,83.90000000000002
2823,83.90000000000003
2824,93.60000000000001
2825,77.60000000000001
2826,96.40000000000002
2827,59.90000000000003
2828,98.50000000000003
2829,71.7
2830,94.30000000000001
2831,97.10000000000002
2832,57.80000000000002
2833,99.20000000000003
2834,91.20000000000003
2835,73.80000000000004
2836,97.10000000000002
2837,55.70000000000002
2838,75.20000000000002
2839,59.90000000000002
2840,105.10000000000002
2841,57.100000000000016
2842,42.500000000000014
2843,72.40000000000002
2844,79.00000000000003
2845,60.2
2846,38.3
2847,87.70000000000002
2848,61.60000000000001
2849,40.400000000000006
2850,65.10000000000001
2851,75.20000000000003
2852,80.40000000000002
2853,73.8
2854,56.400000000000006
2855,68.60000000000002
2856,103.00000000000001
2857,59.200000000000024
2858,83.20000000000002
2859,47.70000000000001
2860,73.80000000000003
2861,35.900000000000006
2862,118.30000000000001
2863,89.10000000000001
2864,85.60000000000001
2865,85.60000000000001
2866,77.60000000000001
2867,68.9
2868,101.60000000000001
2869,98.50000000000003
2870,63.0
2871,62.300000000000004
2872,87.00000000000001
2873,52.9
2874,117.60000000000002
2875,32.39999999999999
2876,37.6
2877,127.70000000000003
2878,105.10000000000004
2879,57.80000000000001
2880,81.10000000000002
2881,57.10000000000001
2882,66.50000000000003
2883,82.50000000000001
2884,88.40000000000003
2885,43.20000000000002
2886,63.000000000000014
2887,84.90000000000002
2888,127.70000000000002
2889,56.100000000000016
2890,100.9
2891,80.4
2892,71.00000000000001
2893,91.5
2894,61.60000000000001
2895,69.60000000000001
2896,95.00000000000001
2897,103.70000000000002
2898,79.40000000000003
2899,78.30000000000003
2900,118.30000000000001
2901,84.9
2902,117.60000000000002
2903,72.10000000000005
2904,54.699999999999996
2905,111.00000000000003
2906,55.0
2907,101.60000000000002
2908,77.30000000000004
2909,75.90000000000002
2910,93.60000000000001
2911,96.40000000000002
2912,46.70000000000003
2913,47.000000000000014
2914,70.30000000000001
2915,55.0
2916,61.60000000000001
2917,67.9
2918,111.00000000000003
2919,93.60000000000001
2920,79.70000000000002
2921,106.50000000000003
2922,64.80000000000004
2923,45.60000000000001
2924,46.300000000000004
2925,63.00000000000001
2926,69.60000000000001
2927,64.40000000000002
2928,79.40000000000002
2929,94.70000000000005
2930,69.60000000000001
2931,109.60000000000002
2932,55.000000000000014
2933,41.80000000000002
2934,87.00000000000003
2935,45.6
2936,68.9
2937,118.30000000000001
2938,81.10000000000004
2939,52.90000000000001
2940,80.40000000000002
2941,101.60000000000001
2942,77.60000000000001
2943,89.10000000000002
2944,70.70000000000002
2945,68.60000000000002
2946,57.80000000000001
2947,95.00000000000001
2948,95.00000000000001
2949,93.60000000000001
2950,63.40000000000003
2951,92.60000000000004
2952,77.30000000000004
2953,70.30000000000001
2954,53.60000000000001
2955,77.60000000000001
2956,96.40000000000003
2957,89.10000000000001
2958,99.20000000000003
2959,63.40000000000002
2960,59.90000000000001
2961,88.40000000000002
2962,83.5
2963,51.900000000000006
2964,48.4
2965,83.90000000000003
2966,44.6
2967,75.2
2968,79.00000000000001
2969,95.70000000000002
2970,79.70000000000003
2971,86.30000000000001
2972,38.69999999999999
2973,57.80000000000001
2974,103.00000000000001
2975,63.0
2976,95.70000000000002
2977,73.10000000000001
2978,106.50000000000003
2979,63.00000000000001
2980,74.50000000000003
2981,79.70000000000002
2982,97.80000000000003
2983,54.3
2984,62.00000000000002
2985,95.00000000000003
2986,98.50000000000001
2987,64.40000000000002
2988,97.10000000000002
2989,97.10000000000002
2990,81.80000000000001
2991,70.3
2992,71.70000000000002
2993,88.40000000000002
2994,73.80000000000003
2995,79.00000000000003
2996,106.50000000000003
2997,81.80000000000003
2998,45.600000000000016
2999,96.40000000000003
3000,123.20000000000002
3001,89.10000000000002
3002,89.10000000000001
3003,89.80000000000003
3004,74.50000000000003
3005,57.80000000000001
3006,79.0
3007,96.4
3008,97.10000000000002
3009,63.70000000000002
3010,78.30000000000003
3011,105.10000000000002
3012,97.80000000000001
3013,87.70000000000002
3014,73.10000000000001
3015,95.70000000000002
3016,79.70000000000002
3017,80.40000000000002
3018,135.0
3019,65.10000000000002
3020,97.80000000000003
3021,111.00000000000001
3022,111.00000000000001
3023,56.40000000000001
3024,79.70000000000002
3025,94.30000000000001
3026,96.40000000000003
3027,89.80000000000003
3028,81.10000000000001
3029,81.10000000000001
3030,103.00000000000001
3031,89.80000000000001
3032,105.80000000000001
3033,65.80000000000003
3034,69.60000000000001
3035,104.40000000000002
3036,123.90000000000002
3037,53.599999999999994
3038,77.60000000000001
3039,62.30000000000001
3040,92.90000000000002
3041,71.7
3042,98.50000000000001
3043,22.3
3044,58.50000000000002
3045,89.80000000000003
3046,97.10000000000001
3047,72.40000000000002
3048,105.80000000000003
3049,73.10000000000002
3050,71.70000000000002
3051,115.20000000000003
3052,89.80000000000003
3053,98.50000000000003
3054,81.10000000000001
3055,89.80000000000003
3056,56.40000000000002
3057,112.40000000000002
3058,75.90000000000003
3059,69.60000000000001
3060,49.10000000000002
3061,61.60000000000001
3062,95.00000000000001
3063,62.30000000000001
3064,73.10000000000001
3065,79.7
3066,73.80000000000003
3067,59.90000000000002
3068,97.80000000000001
3069,90.50000000000003
3070,113.10000000000002
3071,95.00000000000001
3072,71.00000000000001
3073,65.1
3074,65.1
3075,105.80000000000003
3076,57.100000000000016
3077,93.30000000000003
3078,79.00000000000001
3079,83.20000000000002
3080,34.49999999999999
3081,105.10000000000002
3082,58.50000000000003
3083,89.80000000000003
3084,89.80000000000003
3085,98.50000000000003
3086,82.50000000000003
3087,58.50000000000001
3088,81.80000000000001
3089,97.10000000000002
3090,107.20000000000003
3091,51.2
3092,113.10000000000002
3093,81.10000000000001
3094,114.50000000000003
3095,98.50000000000003
3096,74.50000000000001
3097,95.70000000000002
3098,72.4
3099,82.50000000000003
3100,56.400000000000006
3101,89.80000000000003
3102,91.20000000000003
3103,105.80000000000003
3104,73.10000000000002
3105,74.50000000000003
3106,82.50000000000001
3107,63.70000000000002
3108,81.80000000000001
3109,90.50000000000003
3110,106.50000000000003
3111,65.80000000000001
3112,80.4
3113,81.10000000000002
3114,89.80000000000003
3115,89.10000000000002
3116,81.80000000000001
3117,88.4
3118,50.50000000000003
3119,65.10000000000002
3120,73.10000000000001
3121,110.30000000000003
3122,61.60000000000001
3123,55.0
3124,84.60000000000004
3125,85.60000000000001
3126,85.60000000000001
3127,66.5
3128,81.80000000000001
3129,93.60000000000001
3130,97.10000000000001
3131,104.40000000000002
3132,67.20000000000002
3133,120.40000000000003
3134,79.00000000000001
3135,55.7
3136,47.7
3137,85.60000000000001
3138,86.30000000000001
3139,104.40000000000002
3140,54.300000000000004
3141,85.60000000000002
3142,63.000000000000014
3143,78.30000000000001
3144,103.70000000000002
3145,87.70000000000002
3146,94.30000000000001
3147,111.00000000000001
3148,54.30000000000001
3149,73.80000000000003
3150,66.50000000000001
3151,58.50000000000002
3152,97.10000000000004
3153,68.60000000000004
3154,73.1
3155,91.20000000000002
3156,65.10000000000001
3157,84.60000000000004
3158,49.100000000000016
3159,109.60000000000001
3160,37.60000000000001
3161,54.300000000000004
3162,84.2
3163,86.3
3164,110.30000000000001
3165,61.60000000000001
3166,64.40000000000002
3167,47.00000000000001
3168,70.30000000000001
3169,83.20000000000002
3170,65.10000000000002
3171,86.30000000000001
3172,105.10000000000004
3173,80.4
3174,97.10000000000002
3175,54.30000000000001
3176,79.00000000000001
3177,95.70000000000002
3178,70.30000000000001
3179,80.40000000000003
3180,86.30000000000001
3181,71.7
3182,40.4
3183,87.70000000000002
3184,46.300000000000004
3185,89.80000000000003
3186,81.10000000000002
3187,74.50000000000001
3188,115.20000000000003
3189,73.10000000000002
3190,73.10000000000002
3191,91.20000000000003
3192,87.70000000000002
3193,98.50000000000001
3194,59.20000000000001
3195,88.4
3196,105.80000000000003
3197,71.7
3198,89.80000000000003
3199,81.10000000000002
3200,103.70000000000002
3201,104.40000000000002
3202,67.20000000000002
3203,75.20000000000003
3204,88.40000000000002
3205,56.40000000000001
3206,54.699999999999996
3207,72.40000000000002
3208,91.20000000000002
3209,65.80000000000001
3210,82.50000000000001
3211,109.60000000000001
3212,94.30000000000001
3213,97.10000000000002
3214,130.50000000000003
3215,104.40000000000002
3216,91.20000000000002
3217,89.10000000000002
3218,89.10000000000002
3219,82.50000000000001
3220,106.50000000000003
3221,55.000000000000014
3222,98.50000000000003
3223,83.20000000000003
3224,89.80000000000003
3225,82.50000000000001
3226,75.20000000000003
3227,73.80000000000001
3228,97.10000000000002
3229,65.80000000000001
3230,73.80000000000003
3231,97.80000000000003
3232,42.5
3233,65.10000000000001
3234,82.50000000000001
3235,114.50000000000003
3236,91.20000000000003
3237,88.40000000000002
3238,65.10000000000002
3239,105.10000000000002
3240,91.20000000000003
3241,81.10000000000002
3242,81.10000000000002
3243,96.40000000000002
3244,65.80000000000001
3245,57.10000000000002
3246,81.80000000000003
3247,58.500000000000014
3248,40.40000000000001
3249,98.50000000000003
3250,97.10000000000002
3251,89.80000000000003
3252,113.80000000000003
3253,121.10000000000002
3254,57.80000000000001
3255,76.60000000000002
3256,81.10000000000002
3257,99.20000000000003
3258,74.50000000000001
3259,97.80000000000003
3260,56.39999999999999
3261,73.80000000000003
3262,104.40000000000002
3263,96.40000000000002
3264,129.10000000000002
3265,81.10000000000002
3266,51.20000000000002
3267,81.10000000000002
3268,114.50000000000003
3269,107.20000000000003
3270,105.10000000000002
3271,83.20000000000002
3272,65.10000000000002
3273,49.80000000000002
3274,63.00000000000001
3275,57.100000000000016
3276,90.50000000000003
3277,91.20000000000003
3278,89.10000000000002
3279,49.100000000000016
3280,96.40000000000002
3281,98.50000000000003
3282,99.20000000000003
3283,105.10000000000002
3284,80.40000000000002
3285,75.20000000000003
3286,105.10000000000002
3287,87.70000000000002
3288,82.50000000000001
3289,105.80000000000003
3290,98.50000000000003
3291,106.50000000000003
3292,66.50000000000001
3293,89.10000000000002
3294,82.50000000000003
3295,97.10000000000001
3296,90.50000000000003
3297,72.4
3298,131.20000000000002
3299,104.40000000000002
3300,89.10000000000002
3301,98.50000000000001
3302,87.70000000000002
3303,76.2
3304,109.60000000000001
3305,79.00000000000001
3306,93.60000000000001
3307,126.30000000000001
3308,101.60000000000001
3309,93.60000000000001
3310,117.60000000000001
3311,65.10000000000001
3312,69.60000000000001
3313,81.80000000000003
3314,70.30000000000001
3315,75.20000000000003
3316,103.7
3317,113.10000000000001
3318,102.30000000000001
3319,69.60000000000001
3320,103.00000000000001
3321,85.60000000000001
3322,69.60000000000001
3323,101.60000000000001
3324,111.00000000000001
3325,92.90000000000002
3326,95.00000000000001
3327,101.60000000000001
3328,94.30000000000001
3329,96.40000000000002
3330,85.60000000000001
3331,97.80000000000003
3332,60.900000000000006
3333,78.30000000000001
3334,79.00000000000001
3335,76.9
3336,101.60000000000001
3337,93.60000000000001
3338,73.10000000000002
3339,76.2
3340,83.20000000000002
3341,74.50000000000003
3342,71.7
3343,79.00000000000001
3344,72.40000000000002
3345,83.20000000000002
3346,82.50000000000003
3347,86.30000000000001
3348,98.50000000000003
3349,124.90000000000002
3350,57.10000000000001
3351,62.30000000000001
3352,119.00000000000001
3353,39.0
3354,103.70000000000002
3355,70.30000000000001
3356,93.60000000000001
3357,70.30000000000001
3358,71.00000000000001
3359,61.6
3360,80.40000000000002
3361,103.00000000000001
3362,77.60000000000001
3363,66.50000000000001
3364,88.4
3365,110.30000000000001
3366,82.50000000000003
3367,71.00000000000001
3368,62.30000000000001
3369,53.600000000000016
3370,87.00000000000001
3371,64.40000000000002
3372,81.10000000000002
3373,81.10000000000002
3374,81.80000000000003
3375,99.20000000000003
3376,93.30000000000003
3377,113.80000000000003
3378,95.70000000000002
3379,109.60000000000001
3380,79.70000000000002
3381,54.30000000000001
3382,75.20000000000003
3383,89.10000000000002
3384,90.50000000000001
3385,91.90000000000003
3386,90.50000000000003
3387,82.50000000000001
3388,106.50000000000001
3389,89.80000000000001
3390,82.50000000000003
3391,105.10000000000002
3392,74.50000000000001
3393,105.80000000000003
3394,112.40000000000002
3395,97.10000000000002
3396,112.40000000000002
3397,89.80000000000003
3398,123.90000000000003
3399,61.6
3400,110.30000000000001
3401,79.7
3402,78.30000000000001
3403,62.300000000000004
3404,104.40000000000002
3405,95.00000000000001
3406,109.60000000000001
3407,61.60000000000001
3408,110.30000000000001
3409,93.60000000000001
3410,80.4
3411,105.10000000000001
3412,94.30000000000001
3413,102.30000000000001
3414,85.60000000000001
3415,93.60000000000001
3416,78.30000000000001
3417,110.30000000000001
3418,55.7
3419,73.10000000000001
3420,42.50000000000001
3421,66.50000000000001
3422,35.199999999999996
3423,98.50000000000003
3424,74.50000000000003
3425,67.20000000000002
3426,114.50000000000003
3427,48.400000000000006
3428,105.80000000000003
3429,89.80000000000003
3430,75.20000000000003
3431,65.10000000000002
3432,72.4
3433,97.80000000000003
3434,67.20000000000003
3435,46.3
3436,109.60000000000001
3437,131.90000000000003
3438,103.00000000000001
3439,68.9
3440,95.7
3441,77.60000000000002
3442,71.70000000000002
3443,63.000000000000014
3444,78.30000000000001
3445,76.9
3446,79.00000000000001
3447,95.00000000000001
3448,90.50000000000003
3449,94.30000000000001
3450,76.9
3451,84.9
3452,79.70000000000002
3453,86.30000000000001
3454,93.60000000000001
3455,37.60000000000001
3456,118.30000000000001
3457,79.00000000000001
3458,70.30000000000001
3459,73.10000000000001
3460,127.70000000000002
3461,111.00000000000003
3462,85.60000000000001
3463,85.60000000000001
3464,77.60000000000001
3465,87.00000000000001
3466,127.7
3467,85.60000000000001
3468,135.0
3469,95.00000000000003
3470,69.60000000000001
3471,36.9
3472,85.60000000000002
3473,89.80000000000003
3474,80.40000000000002
3475,96.40000000000002
3476,61.60000000000001
3477,53.600000000000016
3478,78.3
3479,111.00000000000001
3480,85.60000000000001
3481,69.60000000000001
3482,81.10000000000002
3483,71.00000000000001
3484,93.60000000000001
3485,77.60000000000001
3486,71.7
3487,87.00000000000001
3488,71.70000000000002
3489,80.40000000000002
3490,87.70000000000002
3491,113.80000000000003
3492,105.10000000000001
3493,95.70000000000002
3494,65.10000000000002
3495,63.00000000000001
3496,127.70000000000003
3497,113.10000000000004
3498,103.70000000000002
3499,73.80000000000003
3500,47.699999999999996
3501,113.80000000000003
3502,74.50000000000001
3503,97.80000000000003
3504,89.80000000000001
3505,96.40000000000002
3506,105.80000000000003
3507,73.10000000000001
3508,72.40000000000002
3509,55.000000000000014
3510,139.20000000000002
3511,98.50000000000003
3512,71.70000000000002
3513,97.80000000000001
3514,96.40000000000002
3515,88.40000000000002
3516,64.40000000000002
3517,50.50000000000001
3518,65.80000000000001
3519,82.50000000000001
3520,64.40000000000003
3521,95.70000000000002
3522,97.80000000000001
3523,16.4
3524,81.80000000000003
3525,58.50000000000003
3526,115.20000000000002
3527,49.10000000000002
3528,88.40000000000002
3529,106.50000000000003
3530,66.50000000000001
3531,97.80000000000003
3532,115.20000000000002
3533,88.40000000000003
3534,90.50000000000003
3535,89.80000000000003
3536,106.50000000000003
3537,81.80000000000001
3538,128.4
3539,89.10000000000004
3540,81.10000000000004
3541,115.20000000000002
3542,93.60000000000001
3543,86.30000000000001
3544,81.10000000000001
3545,49.80000000000002
3546,76.90000000000002
3547,71.70000000000002
3548,64.4
3549,89.80000000000001
3550,104.4
3551,107.20000000000003
3552,127.70000000000002
3553,102.30000000000001
3554,96.40000000000003
3555,127.70000000000002
3556,79.0
3557,78.30000000000001
3558,110.30000000000003
3559,39.7
3560,81.10000000000001
3561,81.10000000000001
3562,97.10000000000001
3563,70.30000000000001
3564,86.30000000000001
3565,78.3
3566,105.80000000000001
3567,112.40000000000002
3568,94.30000000000001
3569,79.70000000000002
3570,78.30000000000001
3571,69.60000000000001
3572,55.70000000000001
3573,69.60000000000001
3574,70.30000000000001
3575,110.30000000000001
3576,55.00000000000001
3577,94.30000000000001
3578,54.30000000000001
3579,86.30000000000001
3580,102.30000000000001
3581,95.00000000000001
3582,128.4
3583,62.30000000000001
3584,61.60000000000001
3585,110.30000000000001
3586,86.30000000000001
3587,112.40000000000002
3588,78.30000000000001
3589,88.4
3590,70.3
3591,97.10000000000002
3592,72.40000000000002
3593,79.00000000000003
3594,40.400000000000006
3595,41.800000000000004
3596,87.70000000000002
3597,62.30000000000001
3598,94.30000000000001
3599,87.00000000000001
3600,102.30000000000001
3601,77.60000000000001
3602,48.39999999999999
3603,93.60000000000001
3604,85.60000000000001
3605,74.50000000000003
3606,97.10000000000002
3607,84.90000000000002
3608,110.30000000000001
3609,103.70000000000002
3610,73.1
3611,74.50000000000001
3612,103.00000000000001
3613,53.60000000000001
3614,94.30000000000001
3615,92.9
3616,111.70000000000002
3617,100.9
3618,111.00000000000001
3619,95.7
3620,73.80000000000001
3621,113.10000000000002
3622,109.60000000000001
3623,71.00000000000001
3624,93.60000000000001
3625,77.60000000000001
3626,118.30000000000001
3627,70.30000000000001
3628,79.00000000000001
3629,62.30000000000001
3630,57.80000000000003
3631,40.400000000000006
3632,103.00000000000001
3633,127.00000000000001
3634,94.30000000000001
3635,86.30000000000001
3636,79.70000000000002
3637,78.3
3638,100.90000000000002
3639,65.80000000000001
3640,52.90000000000001
3641,78.0
3642,91.20000000000002
3643,79.00000000000001
3644,73.10000000000002
3645,84.60000000000004
3646,55.00000000000001
3647,54.30000000000001
3648,63.000000000000014
3649,79.00000000000001
3650,70.30000000000001
3651,102.30000000000003
3652,88.40000000000003
3653,85.60000000000002
3654,110.30000000000003
3655,81.10000000000002
3656,114.50000000000001
3657,85.60000000000002
3658,125.60000000000001
3659,58.500000000000014
3660,54.700000000000024
3661,87.00000000000001
3662,86.30000000000003
3663,109.60000000000001
3664,111.70000000000002
3665,103.00000000000003
3666,124.90000000000002
3667,80.10000000000002
3668,63.000000000000014
3669,51.20000000000002
3670,61.60000000000001
3671,79.00000000000001
3672,58.500000000000014
3673,31.399999999999988
3674,55.400000000000006
3675,89.80000000000001
3676,71.00000000000001
3677,79.40000000000003
3678,69.60000000000001
3679,72.40000000000002
3680,71.00000000000001
3681,87.00000000000001
3682,85.60000000000001
3683,77.60000000000001
3684,59.20000000000001
3685,57.100000000000016
3686,138.5
3687,90.50000000000003
3688,51.2
3689,73.10000000000001
3690,44.600000000000016
3691,107.20000000000002
3692,70.70000000000003
3693,80.80000000000004
3694,81.8
3695,65.8
3696,67.20000000000003
3697,115.20000000000003
3698,92.60000000000002
3699,112.40000000000002
3700,75.20000000000003
3701,74.50000000000003
3702,104.40000000000003
3703,80.40000000000002
3704,73.10000000000001
3705,69.60000000000001
3706,71.40000000000003
3707,113.80000000000003
3708,82.50000000000003
3709,62.70000000000001
3710,77.30000000000003
3711,63.400000000000034
3712,114.50000000000003
3713,106.50000000000004
3714,105.10000000000001
3715,76.60000000000002
3716,60.60000000000001
3717,74.50000000000003
3718,47.40000000000003
3719,106.50000000000003
3720,85.30000000000003
3721,66.50000000000003
3722,43.199999999999996
3723,75.20000000000003
3724,97.10000000000002
3725,63.400000000000034
3726,71.70000000000002
3727,119.00000000000001
3728,91.9
3729,88.10000000000002
3730,105.80000000000003
3731,81.80000000000003
3732,107.20000000000003
3733,87.70000000000002
3734,86.30000000000001
3735,118.30000000000001
3736,38.70000000000002
3737,76.9
3738,71.00000000000001
3739,100.90000000000002
3740,69.60000000000001
3741,102.30000000000001
3742,65.10000000000001
3743,125.60000000000002
3744,40.099999999999994
3745,78.30000000000001
3746,54.3
3747,72.4
3748,73.80000000000003
3749,77.60000000000001
3750,86.30000000000001
3751,67.20000000000002
3752,74.50000000000003
3753,87.00000000000001
3754,123.20000000000003
3755,82.50000000000001
3756,67.20000000000003
3757,57.80000000000002
3758,106.50000000000003
3759,81.80000000000001
3760,90.50000000000003
3761,71.70000000000002
3762,57.80000000000001
3763,87.70000000000002
3764,69.60000000000001
3765,69.60000000000001
3766,56.40000000000002
3767,74.50000000000001
3768,113.10000000000004
3769,63.70000000000001
3770,103.70000000000002
3771,81.10000000000002
3772,84.60000000000002
3773,126.00000000000004
3774,89.80000000000003
3775,70.00000000000003
3776,71.40000000000005
3777,89.80000000000003
3778,100.60000000000002
3779,71.40000000000003
3780,83.90000000000003
3781,119.40000000000005
3782,93.30000000000003
3783,86.70000000000003
3784,85.30000000000003
3785,56.40000000000002
3786,106.50000000000003
3787,80.40000000000002
3788,95.00000000000001
3789,102.30000000000003
3790,80.40000000000002
3791,70.30000000000001
3792,116.60000000000004
3793,81.80000000000003
3794,95.00000000000001
3795,71.7
3796,118.00000000000004
3797,68.60000000000002
3798,87.40000000000003
3799,97.80000000000001
3800,106.50000000000004
3801,83.20000000000003
3802,131.90000000000003
3803,80.80000000000004
3804,126.00000000000004
3805,93.30000000000004
3806,96.10000000000005
3807,70.00000000000001
3808,117.30000000000003
3809,105.80000000000003
3810,75.2
3811,102.00000000000003
3812,111.70000000000002
3813,68.60000000000002
3814,67.20000000000002
3815,86.00000000000003
3816,65.80000000000003
3817,77.30000000000003
3818,101.30000000000004
3819,99.20000000000003
3820,70.00000000000001
3821,68.60000000000002
3822,112.10000000000004
3823,110.00000000000003
3824,120.10000000000005
3825,67.20000000000002
3826,67.20000000000003
3827,61.300000000000026
3828,93.30000000000004
3829,104.80000000000004
3830,102.00000000000003
3831,115.20000000000003
3832,67.90000000000002
3833,70.00000000000003
3834,78.00000000000003
3835,67.20000000000002
3836,129.8
3837,127.40000000000003
3838,46.000000000000014
3839,115.90000000000003
3840,115.20000000000003
3841,65.80000000000001
3842,95.40000000000005
3843,81.80000000000003
3844,102.70000000000005
3845,67.20000000000002
3846,75.20000000000002
3847,69.30000000000003
3848,84.60000000000004
3849,69.30000000000001
3850,104.40000000000002
3851,92.60000000000002
3852,84.60000000000004
3853,80.40000000000002
3854,101.60000000000001
3855,81.10000000000002
3856,79.7
3857,95.00000000000001
3858,86.30000000000003
3859,69.60000000000001
3860,81.10000000000002
3861,66.50000000000001
3862,86.30000000000003
3863,96.4
3864,64.40000000000002
3865,85.60000000000001
3866,87.00000000000001
3867,97.80000000000001
3868,81.80000000000001
3869,72.40000000000002
3870,73.80000000000003
3871,99.20000000000003
3872,99.20000000000003
3873,59.90000000000002
3874,90.50000000000001
3875,91.20000000000003
3876,76.60000000000004
3877,89.80000000000001
3878,85.30000000000004
3879,89.10000000000002
3880,84.60000000000002
3881,102.70000000000005
3882,115.20000000000002
3883,59.200000000000024
3884,75.20000000000003
3885,83.90000000000003
3886,66.50000000000001
3887,111.40000000000005
3888,94.70000000000003
3889,75.20000000000002
3890,59.200000000000024
3891,93.30000000000003
3892,100.60000000000004
3893,126.70000000000005
3894,85.30000000000004
3895,49.800000000000026
3896,94.00000000000003
3897,62.00000000000003
3898,105.80000000000003
3899,102.70000000000003
3900,95.40000000000003
3901,119.40000000000003
3902,73.10000000000001
3903,93.30000000000004
3904,84.60000000000001
3905,107.20000000000003
3906,82.50000000000003
3907,91.20000000000003
3908,120.10000000000004
3909,104.80000000000005
3910,73.80000000000001
3911,101.30000000000003
3912,80.10000000000002
3913,105.10000000000002
3914,75.90000000000002
3915,90.50000000000003
3916,89.10000000000002
3917,105.10000000000002
3918,63.40000000000001
3919,89.10000000000002
3920,90.50000000000003
3921,91.90000000000002
3922,70.70000000000003
3923,75.90000000000005
3924,85.30000000000004
3925,81.80000000000001
3926,82.50000000000003
3927,73.80000000000003
3928,111.40000000000003
3929,83.90000000000003
3930,85.30000000000004
3931,78.00000000000004
3932,83.20000000000003
3933,98.50000000000003
3934,60.60000000000002
3935,98.50000000000003
3936,91.20000000000003
3937,134.00000000000003
3938,97.10000000000004
3939,67.20000000000002
3940,92.60000000000004
3941,92.60000000000004
3942,64.4
3943,55.7
3944,65.10000000000001
3945,113.80000000000003
3946,49.10000000000001
3947,113.10000000000002
3948,87.70000000000002
3949,99.20000000000003
3950,96.40000000000002
3951,71.70000000000002
3952,104.80000000000004
3953,62.000000000000014
3954,109.30000000000004
3955,81.80000000000003
3956,99.90000000000003
3957,67.90000000000002
3958,85.60000000000001
3959,97.80000000000003
3960,102.00000000000004
3961,65.10000000000001
3962,83.20000000000003
3963,57.1
3964,99.90000000000003
3965,74.50000000000003
3966,58.50000000000001
3967,98.50000000000003
3968,82.50000000000003
3969,97.80000000000003
3970,82.50000000000003
3971,104.40000000000002
3972,91.90000000000002
3973,74.50000000000003
3974,83.20000000000002
3975,106.50000000000003
3976,73.80000000000003
3977,99.20000000000003
3978,94.00000000000003
3979,73.80000000000004
3980,97.10000000000001
3981,89.80000000000003
3982,58.500000000000036
3983,89.80000000000001
3984,84.60000000000004
3985,74.50000000000003
3986,81.80000000000003
3987,102.70000000000005
3988,64.10000000000002
3989,99.20000000000003
3990,52.6
3991,58.50000000000002
3992,104.40000000000002
3993,84.60000000000004
3994,121.80000000000003
3995,89.80000000000003
3996,81.80000000000001
3997,89.80000000000003
3998,97.10000000000001
3999,55.70000000000002
4000,117.60000000000002
4001,79.00000000000001
4002,79.70000000000002
4003,61.60000000000001
4004,64.4
4005,102.30000000000001
4006,86.30000000000001
4007,39.000000000000014
4008,99.90000000000003
4009,86.70000000000005
4010,74.50000000000001
4011,101.60000000000001
4012,111.00000000000001
4013,47.000000000000014
4014,87.70000000000002
4015,117.60000000000001
4016,66.50000000000001
4017,110.30000000000001
4018,65.80000000000001
4019,79.70000000000002
4020,87.7
4021,84.60000000000002
4022,88.40000000000003
4023,105.80000000000003
4024,74.50000000000003
4025,103.40000000000005
4026,103.40000000000005
4027,55.70000000000001
4028,70.00000000000003
4029,87.70000000000003
4030,89.80000000000001
4031,76.60000000000002
4032,53.6
4033,100.60000000000002
4034,67.20000000000002
4035,62.700000000000024
4036,88.40000000000003
4037,70.00000000000003
4038,65.10000000000001
4039,105.10000000000002
4040,69.30000000000004
4041,75.20000000000003
4042,83.90000000000003
4043,87.40000000000003
4044,91.20000000000003
4045,79.40000000000002
4046,78.00000000000003
4047,105.80000000000001
4048,65.80000000000003
4049,107.20000000000003
4050,67.20000000000002
4051,66.50000000000003
4052,92.60000000000002
4053,66.50000000000001
4054,101.30000000000004
4055,69.30000000000001
4056,94.70000000000005
4057,124.60000000000004
4058,77.30000000000004
4059,84.60000000000002
4060,83.90000000000002
4061,64.10000000000002
4062,67.90000000000002
4063,79.40000000000003
4064,123.20000000000003
4065,84.60000000000002
4066,90.50000000000001
4067,91.20000000000002
4068,85.30000000000001
4069,73.10000000000001
4070,67.9
4071,83.20000000000005
4072,101.30000000000004
4073,84.60000000000004
4074,91.90000000000003
4075,112.40000000000002
4076,73.10000000000002
4077,90.50000000000003
4078,106.50000000000003
4079,123.20000000000003
4080,124.60000000000004
4081,105.10000000000002
4082,76.60000000000004
4083,91.20000000000002
4084,97.10000000000002
4085,78.00000000000003
4086,106.50000000000003
4087,102.70000000000003
4088,86.00000000000003
4089,78.00000000000003
4090,95.40000000000003
4091,110.00000000000003
4092,59.900000000000034
4093,99.20000000000003
4094,108.60000000000004
4095,97.80000000000003
4096,99.90000000000003
4097,69.30000000000003
4098,83.90000000000002
4099,107.20000000000003
4100,69.30000000000003
4101,114.50000000000003
4102,113.80000000000001
4103,75.20000000000003
4104,65.10000000000001
4105,105.10000000000001
4106,116.60000000000004
4107,102.00000000000004
4108,59.20000000000002
4109,72.10000000000004
4110,94.00000000000003
4111,102.00000000000003
4112,71.40000000000003
4113,76.60000000000002
4114,118.00000000000004
4115,85.30000000000003
4116,72.40000000000002
4117,106.50000000000003
4118,96.10000000000004
4119,100.60000000000002
4120,91.90000000000002
4121,95.40000000000003
4122,118.00000000000004
4123,75.90000000000003
4124,75.90000000000002
4125,66.50000000000001
4126,84.60000000000002
4127,93.30000000000004
4128,71.40000000000002
4129,108.60000000000005
4130,106.50000000000003
4131,116.60000000000004
4132,82.50000000000001
4133,109.30000000000004
4134,67.90000000000002
4135,65.10000000000001
4136,87.40000000000003
4137,126.70000000000003
4138,112.80000000000005
4139,106.50000000000003
4140,116.60000000000004
4141,75.20000000000003
4142,63.400000000000034
4143,91.20000000000002
4144,109.60000000000001
4145,100.9
4146,57.10000000000001
4147,94.30000000000001
4148,85.60000000000001
4149,87.70000000000002
4150,105.80000000000003
4151,61.60000000000001
4152,65.10000000000002
4153,78.30000000000001
4154,91.90000000000003
4155,111.40000000000005
4156,86.00000000000004
4157,78.00000000000003
4158,123.20000000000003
4159,99.20000000000003
4160,118.70000000000005
4161,96.10000000000004
4162,81.80000000000001
4163,83.90000000000002
4164,75.20000000000002
4165,83.20000000000003
4166,97.10000000000002
4167,91.20000000000002
4168,60.600000000000016
4169,73.8
4170,91.90000000000002
4171,86.00000000000003
4172,102.00000000000003
4173,62.00000000000003
4174,97.10000000000002
4175,118.00000000000004
4176,49.80000000000001
4177,110.70000000000005
4178,94.70000000000003
4179,102.00000000000004
4180,115.20000000000003
4181,66.50000000000001
4182,77.30000000000004
4183,102.00000000000004
4184,103.40000000000005
4185,81.80000000000003
4186,109.30000000000003
4187,81.10000000000001
4188,81.80000000000003
4189,108.60000000000002
4190,89.80000000000003
4191,74.50000000000001
4192,146.5
4193,65.80000000000001
4194,82.50000000000001
4195,91.20000000000003
4196,107.20000000000003
4197,105.80000000000003
4198,98.50000000000001
4199,45.60000000000001
4200,74.5
4201,89.10000000000002
4202,77.60000000000001
4203,50.50000000000001
4204,68.60000000000002
4205,99.20000000000003
4206,125.30000000000004
4207,68.60000000000002
4208,96.10000000000002
4209,68.60000000000002
4210,67.20000000000003
4211,107.20000000000003
4212,118.00000000000003
4213,78.70000000000002
4214,93.30000000000004
4215,100.60000000000004
4216,94.70000000000003
4217,86.70000000000002
4218,105.10000000000001
4219,92.60000000000004
4220,60.60000000000002
4221,97.10000000000002
4222,89.80000000000003
4223,86.00000000000004
4224,75.20000000000003
4225,107.90000000000003
4226,118.70000000000003
4227,89.80000000000003
4228,93.30000000000003
4229,75.90000000000003
4230,97.80000000000001
4231,99.20000000000003
4232,67.20000000000002
4233,64.40000000000002
4234,112.40000000000002
4235,80.40000000000002
4236,72.4
4237,73.10000000000001
4238,57.10000000000001
4239,76.60000000000004
4240,76.60000000000002
4241,91.20000000000003
4242,96.10000000000002
4243,108.60000000000004
4244,93.30000000000004
4245,91.90000000000002
4246,98.50000000000003
4247,102.00000000000003
4248,91.20000000000003
4249,102.00000000000004
4250,79.40000000000003
4251,107.20000000000002
4252,54.70000000000002
4253,93.30000000000003
4254,89.10000000000001
4255,86.00000000000003
4256,91.90000000000003
4257,118.70000000000005
4258,118.00000000000004
4259,107.90000000000002
4260,107.20000000000002
4261,103.70000000000002
4262,81.80000000000003
4263,75.20000000000003
4264,93.30000000000004
4265,116.60000000000004
4266,86.00000000000004
4267,107.90000000000003
4268,109.30000000000004
4269,74.50000000000001
4270,73.10000000000002
4271,104.40000000000002
4272,49.099999999999994
4273,47.7
4274,55.000000000000014
4275,65.80000000000001
4276,99.20000000000003
4277,107.90000000000005
4278,113.80000000000003
4279,113.80000000000003
4280,46.30000000000001
4281,57.80000000000001
4282,55.7
4283,92.90000000000002
4284,79.00000000000001
4285,80.40000000000002
4286,73.80000000000003
4287,37.599999999999994
4288,71.0
4289,46.3
4290,74.50000000000001
4291,102.30000000000001
4292,117.60000000000001
4293,93.60000000000002
4294,85.60000000000001
4295,72.40000000000002
4296,92.9
4297,87.70000000000002
4298,79.00000000000001
4299,72.40000000000002
4300,129.10000000000002
4301,54.300000000000004
4302,79.00000000000001
4303,56.40000000000001
4304,114.50000000000003
4305,121.80000000000003
4306,89.10000000000002
4307,71.00000000000001
4308,96.40000000000002
4309,79.70000000000002
4310,96.40000000000002
4311,109.60000000000001
4312,103.70000000000002
4313,69.60000000000002
4314,78.30000000000001
4315,117.60000000000001
4316,87.00000000000001
4317,57.10000000000001
4318,95.70000000000003
4319,73.10000000000001
4320,61.60000000000001
4321,103.00000000000003
4322,100.90000000000002
4323,79.70000000000002
4324,86.30000000000001
4325,70.30000000000001
4326,103.70000000000002
4327,56.40000000000001
4328,93.60000000000001
4329,123.20000000000003
4330,73.80000000000001
4331,109.30000000000004
4332,95.40000000000003
4333,66.50000000000003
4334,80.40000000000002
4335,98.50000000000003
4336,95.00000000000001
4337,86.30000000000001
4338,54.30000000000002
4339,136.4
4340,37.6
4341,78.30000000000001
4342,71.70000000000002
4343,88.40000000000002
4344,71.70000000000002
4345,106.50000000000003
4346,98.50000000000003
4347,96.4
4348,57.80000000000002
4349,65.10000000000002
4350,115.20000000000003
4351,81.80000000000001
4352,109.30000000000004
4353,95.7
4354,92.60000000000004
4355,73.10000000000001
4356,74.50000000000001
4357,96.40000000000002
4358,87.00000000000001
4359,62.30000000000001
4360,69.60000000000002
4361,69.60000000000001
4362,79.70000000000002
4363,96.40000000000002
4364,81.10000000000002
4365,57.1
4366,73.80000000000001
4367,60.900000000000006
4368,54.3
4369,103.70000000000002
4370,102.30000000000001
4371,55.000000000000014
4372,78.30000000000001
4373,73.10000000000001
4374,86.30000000000001
4375,86.30000000000001
4376,70.30000000000001
4377,78.30000000000001
4378,81.10000000000002
4379,71.00000000000001
4380,95.00000000000001
4381,54.300000000000004
4382,54.3
4383,58.500000000000014
4384,103.00000000000001
4385,49.1
4386,95.7
4387,63.000000000000014
4388,84.60000000000004
4389,97.80000000000001
4390,90.50000000000003
4391,89.10000000000002
4392,113.10000000000002
4393,103.00000000000001
4394,49.10000000000001
4395,105.10000000000002
4396,47.70000000000001
4397,95.00000000000001
4398,79.00000000000001
4399,73.10000000000001
4400,107.20000000000002
4401,81.80000000000003
4402,97.10000000000001
4403,72.40000000000002
4404,81.80000000000003
4405,94.30000000000001
4406,103.00000000000001
4407,69.6
4408,95.00000000000003
4409,105.80000000000003
4410,47.70000000000002
4411,62.30000000000002
4412,70.30000000000001
4413,101.60000000000001
4414,113.80000000000003
4415,99.20000000000003
4416,104.10000000000002
4417,102.00000000000003
4418,105.10000000000002
4419,99.90000000000003
4420,100.60000000000004
4421,60.60000000000003
4422,89.80000000000003
4423,126.70000000000005
4424,107.20000000000003
4425,86.70000000000005
4426,113.10000000000004
4427,82.50000000000001
4428,101.30000000000004
4429,85.30000000000004
4430,87.40000000000003
4431,78.70000000000005
4432,123.20000000000003
4433,94.00000000000004
4434,98.50000000000003
4435,68.60000000000001
4436,79.70000000000002
4437,50.50000000000002
4438,105.10000000000002
4439,98.50000000000003
4440,89.10000000000002
4441,118.00000000000004
4442,101.30000000000004
4443,75.20000000000002
4444,85.30000000000003
4445,115.90000000000003
4446,94.00000000000003
4447,102.00000000000004
4448,115.20000000000003
4449,126.00000000000004
4450,107.90000000000003
4451,84.60000000000004
4452,99.20000000000002
4453,116.60000000000004
4454,77.30000000000001
4455,91.90000000000002
4456,54.000000000000014
4457,90.50000000000003
4458,108.60000000000004
4459,90.50000000000003
4460,82.5
4461,66.50000000000003
4462,73.10000000000002
4463,134.70000000000005
4464,123.90000000000003
4465,83.90000000000003
4466,89.80000000000003
4467,100.60000000000002
4468,57.800000000000026
4469,55.40000000000003
4470,103.40000000000003
4471,108.60000000000004
4472,91.20000000000002
4473,83.90000000000003
4474,35.9
4475,70.30000000000001
4476,97.10000000000001
4477,79.70000000000002
4478,64.40000000000002
4479,25.799999999999997
4480,96.40000000000003
4481,70.30000000000001
4482,95.00000000000001
4483,61.60000000000001
4484,62.30000000000001
4485,87.70000000000002
4486,87.70000000000002
4487,113.10000000000002
4488,113.10000000000002
4489,89.10000000000002
4490,96.40000000000002
4491,81.10000000000002
4492,63.000000000000014
4493,97.80000000000003
4494,81.80000000000003
4495,122.50000000000003
4496,47.00000000000001
4497,112.40000000000003
4498,89.10000000000001
4499,114.50000000000003
4500,106.50000000000003
4501,114.50000000000001
4502,59.90000000000003
4503,97.80000000000004
4504,99.20000000000003
4505,81.80000000000004
4506,72.40000000000002
4507,96.40000000000002
4508,96.40000000000002
4509,72.40000000000002
4510,97.80000000000003
4511,90.50000000000001
4512,55.7
4513,91.20000000000003
4514,68.60000000000002
4515,75.20000000000002
4516,88.40000000000002
4517,81.10000000000002
4518,87.70000000000002
4519,83.20000000000003
4520,72.4
4521,79.7
4522,64.4
4523,64.4
4524,82.50000000000003
4525,91.90000000000002
4526,97.80000000000003
4527,89.10000000000001
4528,56.40000000000001
4529,99.90000000000002
4530,67.20000000000003
4531,89.10000000000002
4532,89.10000000000002
4533,90.50000000000003
4534,73.80000000000003
4535,105.80000000000003
4536,90.50000000000001
4537,67.90000000000002
4538,65.10000000000002
4539,82.50000000000003
4540,96.40000000000002
4541,107.20000000000003
4542,74.50000000000001
4543,57.10000000000001
4544,91.20000000000002
4545,128.4
4546,49.800000000000026
4547,73.80000000000003
4548,73.80000000000001
4549,57.80000000000002
4550,66.50000000000001
4551,111.70000000000002
4552,79.70000000000002
4553,48.400000000000006
4554,74.50000000000003
4555,68.9
4556,73.10000000000001
4557,93.60000000000001
4558,93.60000000000001
4559,79.00000000000001
4560,95.70000000000002
4561,72.4
4562,55.70000000000002
4563,89.10000000000002
4564,105.80000000000003
4565,57.80000000000001
4566,82.50000000000001
4567,81.10000000000002
4568,97.10000000000002
4569,91.20000000000003
4570,72.40000000000002
4571,71.70000000000002
4572,103.70000000000002
4573,89.10000000000002
4574,96.40000000000002
4575,79.00000000000001
4576,67.20000000000003
4577,89.80000000000003
4578,110.00000000000004
4579,79.40000000000005
4580,77.30000000000001
4581,84.60000000000002
4582,93.30000000000003
4583,109.30000000000003
4584,78.00000000000003
4585,100.60000000000004
4586,63.70000000000002
4587,87.40000000000003
4588,118.70000000000005
4589,67.90000000000003
4590,73.10000000000001
4591,110.00000000000004
4592,73.10000000000001
4593,99.90000000000003
4594,91.90000000000003
4595,109.30000000000004
4596,119.40000000000003
4597,41.10000000000001
4598,74.50000000000001
4599,101.30000000000004
4600,94.70000000000005
4601,86.70000000000003
4602,71.70000000000002
4603,78.00000000000003
4604,78.00000000000003
4605,115.90000000000003
4606,94.00000000000003
4607,100.60000000000004
4608,75.90000000000003
4609,118.00000000000004
4610,99.90000000000003
4611,86.00000000000004
4612,86.00000000000004
4613,104.40000000000002
4614,104.10000000000005
4615,108.60000000000004
4616,102.00000000000004
4617,117.30000000000004
4618,112.40000000000002
4619,78.70000000000003
4620,67.20000000000002
4621,84.60000000000004
4622,125.30000000000004
4623,97.80000000000003
4624,99.20000000000003
4625,68.60000000000002
4626,115.20000000000003
4627,94.00000000000004
4628,119.40000000000005
4629,67.90000000000003
4630,69.30000000000001
4631,108.60000000000004
4632,103.40000000000005
4633,116.60000000000004
4634,67.2
4635,71.00000000000001
4636,81.80000000000001
4637,127.70000000000003
4638,72.4
4639,71.70000000000002
4640,64.40000000000002
4641,79.7
4642,70.30000000000001
4643,70.00000000000003
4644,92.60000000000004
4645,106.50000000000003
4646,102.00000000000004
4647,60.60000000000004
4648,76.60000000000004
4649,68.60000000000001
4650,91.20000000000003
4651,91.90000000000002
4652,78.00000000000003
4653,88.40000000000002
4654,74.50000000000001
4655,81.80000000000001
4656,65.80000000000001
4657,81.10000000000001
4658,66.50000000000003
4659,80.40000000000002
4660,97.10000000000002
4661,61.60000000000001
4662,88.40000000000003
4663,113.10000000000002
4664,48.400000000000006
4665,87.70000000000002
4666,105.80000000000003
4667,105.10000000000002
4668,33.099999999999994
4669,98.50000000000001
4670,80.40000000000002
4671,71.70000000000002
4672,83.90000000000002
4673,74.50000000000003
4674,68.60000000000001
4675,83.20000000000002
4676,86.00000000000003
4677,110.00000000000003
4678,90.50000000000001
4679,83.90000000000002
4680,67.90000000000003
4681,89.80000000000003
4682,107.20000000000003
4683,108.60000000000002
4684,107.20000000000003
4685,100.60000000000004
4686,110.00000000000004
4687,147.2
4688,115.90000000000003
4689,52.60000000000001
4690,61.30000000000001
4691,67.20000000000002
4692,110.00000000000003
4693,79.40000000000002
4694,90.50000000000003
4695,86.00000000000003
4696,88.40000000000002
4697,105.80000000000003
4698,96.80000000000004
4699,59.90000000000002
4700,107.20000000000003
4701,81.10000000000001
4702,111.70000000000002
4703,95.70000000000002
4704,89.80000000000003
4705,97.10000000000002
4706,89.80000000000003
4707,67.20000000000003
4708,131.20000000000002
4709,66.50000000000001
4710,90.50000000000001
4711,97.80000000000003
4712,105.80000000000001
4713,82.50000000000003
4714,88.40000000000002
4715,98.50000000000003
4716,89.10000000000002
4717,80.40000000000002
4718,83.20000000000002
4719,81.80000000000003
4720,65.10000000000001
4721,81.10000000000002
4722,121.80000000000003
4723,82.50000000000003
4724,65.10000000000001
4725,57.80000000000002
4726,72.4
4727,89.80000000000004
4728,81.10000000000002
4729,83.20000000000002
4730,80.40000000000002
4731,105.10000000000002
4732,88.4
4733,73.10000000000001
4734,72.40000000000002
4735,97.80000000000003
4736,81.10000000000001
4737,115.20000000000002
4738,97.10000000000002
4739,72.4
4740,72.4
4741,65.80000000000003
4742,79.70000000000002
4743,113.10000000000002
4744,104.40000000000002
4745,67.90000000000002
4746,135.70000000000002
4747,106.50000000000003
4748,100.60000000000002
4749,98.50000000000003
4750,56.40000000000001
4751,88.40000000000002
4752,57.800000000000026
4753,56.40000000000001
4754,105.80000000000003
4755,105.80000000000003
4756,72.40000000000002
4757,81.80000000000003
4758,86.30000000000001
4759,61.60000000000001
4760,94.30000000000001
4761,89.10000000000002
4762,103.00000000000001
4763,109.60000000000001
4764,109.60000000000001
4765,79.00000000000001
4766,90.8
4767,63.000000000000014
4768,76.9
4769,76.90000000000002
4770,88.40000000000002
4771,38.3
4772,118.30000000000003
4773,54.30000000000001
4774,87.00000000000001
4775,93.60000000000001
4776,68.9
4777,62.300000000000004
4778,79.70000000000002
4779,79.7
4780,80.40000000000002
4781,106.50000000000003
4782,107.90000000000002
4783,58.50000000000002
4784,84.60000000000001
4785,94.00000000000003
4786,73.80000000000001
4787,59.90000000000001
4788,95.70000000000002
4789,95.00000000000001
4790,95.00000000000001
4791,79.70000000000002
4792,62.300000000000004
4793,93.60000000000001
4794,111.70000000000002
4795,77.60000000000001
4796,63.0
4797,84.90000000000002
4798,95.00000000000001
4799,39.0
4800,107.20000000000002
4801,75.90000000000003
4802,105.10000000000002
4803,91.20000000000003
4804,114.50000000000001
4805,107.20000000000003
4806,90.50000000000001
4807,90.50000000000003
4808,66.50000000000003
4809,97.10000000000004
4810,89.10000000000002
4811,104.40000000000002
4812,79.70000000000002
4813,107.20000000000003
4814,105.80000000000003
4815,58.50000000000002
4816,97.80000000000003
4817,103.0
4818,73.10000000000001
4819,103.70000000000003
4820,97.80000000000003
4821,66.50000000000001
4822,64.40000000000002
4823,91.20000000000003
4824,90.50000000000003
4825,73.80000000000003
4826,90.50000000000003
4827,79.70000000000002
4828,91.20000000000002
4829,81.80000000000003
4830,75.20000000000003
4831,89.80000000000003
4832,74.50000000000001
4833,59.200000000000024
4834,81.80000000000003
4835,17.099999999999998
4836,88.40000000000003
4837,96.40000000000002
4838,87.00000000000001
4839,78.3
4840,70.30000000000001
4841,68.2
4842,111.70000000000002
4843,87.00000000000001
4844,48.400000000000006
4845,71.70000000000003
4846,82.8
4847,64.40000000000002
4848,44.900000000000006
4849,74.50000000000001
4850,108.9
4851,52.2
4852,74.8
4853,48.4
4854,80.40000000000002
4855,79.00000000000001
4856,89.80000000000003
4857,43.2
4858,65.10000000000002
4859,74.50000000000003
4860,80.40000000000002
4861,90.50000000000003
4862,43.2
4863,71.70000000000002
4864,56.40000000000001
4865,106.50000000000003
4866,65.10000000000002
4867,41.800000000000004
4868,95.70000000000002
4869,65.80000000000003
4870,81.10000000000004
4871,46.3
4872,78.30000000000001
4873,80.40000000000002
4874,56.400000000000006
4875,55.000000000000014
4876,110.30000000000001
4877,52.900000000000006
4878,52.2
4879,70.30000000000001
4880,64.4
4881,88.40000000000002
4882,63.0
4883,72.4
4884,64.4
4885,74.50000000000003
4886,63.7
4887,66.50000000000001
4888,70.30000000000001
4889,87.70000000000002
4890,84.9
4891,63.70000000000001
4892,71.00000000000001
4893,104.40000000000002
4894,78.30000000000001
4895,80.40000000000002
4896,102.70000000000005
4897,126.00000000000004
4898,134.00000000000003
4899,56.400000000000006
4900,11.899999999999995
4901,89.10000000000002
4902,80.40000000000002
4903,72.4
4904,77.60000000000001
4905,86.30000000000001
4906,70.30000000000003
4907,43.9
4908,81.10000000000002
4909,72.4
4910,93.60000000000001
4911,70.30000000000001
4912,61.6
4913,79.00000000000003
4914,78.30000000000001
4915,96.40000000000002
4916,87.00000000000001
4917,71.00000000000001
4918,78.3
4919,83.20000000000003
4920,41.099999999999994
4921,65.10000000000002
4922,77.60000000000001
4923,73.80000000000001
4924,87.70000000000002
4925,63.000000000000014
4926,65.10000000000002
4927,71.7
4928,106.50000000000003
4929,88.40000000000002
4930,40.40000000000001
4931,47.000000000000014
4932,101.60000000000001
4933,47.00000000000001
4934,103.00000000000001
4935,95.00000000000001
4936,121.80000000000003
4937,56.40000000000002
4938,79.70000000000002
4939,88.40000000000002
4940,81.80000000000001
4941,89.10000000000002
4942,65.10000000000001
4943,81.10000000000001
4944,88.40000000000003
4945,93.60000000000002
4946,89.10000000000002
4947,82.50000000000003
4948,47.7
4949,71.70000000000002
4950,87.70000000000002
4951,88.40000000000002
4952,95.00000000000001
4953,65.80000000000001
4954,113.80000000000001
4955,90.50000000000001
4956,53.60000000000001
4957,77.60000000000001
4958,55.00000000000001
4959,103.70000000000002
4960,64.40000000000003
4961,54.30000000000001
4962,69.60000000000001
4963,45.6
4964,86.30000000000001
4965,105.10000000000002
4966,92.9
4967,97.10000000000004
4968,64.40000000000002
4969,91.20000000000003
4970,89.80000000000003
4971,113.10000000000002
4972,62.30000000000001
4973,95.70000000000002
4974,71.00000000000001
4975,95.70000000000002
4976,114.50000000000003
4977,103.00000000000001
4978,79.70000000000002
4979,69.60000000000001
4980,87.00000000000001
4981,87.70000000000002
4982,78.30000000000003
4983,47.70000000000002
4984,104.40000000000002
4985,102.30000000000001
4986,87.70000000000002
4987,79.7
4988,129.10000000000002
4989,56.40000000000001
4990,67.90000000000002
4991,88.4
4992,52.900000000000006
4993,70.30000000000001
4994,90.50000000000001
4995,147.2
4996,104.10000000000005
4997,86.00000000000004
4998,53.30000000000003
4999,81.80000000000001
5000,77.30000000000003
